Issue_ID	Chromosome	Patch_GenBank_Accession
ZG-2797	10	na
ZG-2798	10	na
ZG-3136	10	na
ZG-3137	10	na
ZG-3138	10	na
ZG-3139	10	na
ZG-3141	10	na
ZG-3142	10	na
ZG-3143	10	na
ZG-3147	10	na
ZG-3148	10	na
ZG-3149	10	na
ZG-3150	10	na
ZG-3153	10	na
ZG-3157	10	na
ZG-3158	10	na
ZG-3159	10	na
ZG-3160	10	na
ZG-3161	10	na
ZG-3286	10	na
ZG-3288	10	na
ZG-33	10	na
ZG-3635	10	na
ZG-3636	10	na
ZG-3637	10	na
ZG-3638	10	na
ZG-3639	10	na
ZG-3640	10	na
ZG-3641	10	na
ZG-3642	10	na
ZG-3643	10	na
ZG-3644	10	na
ZG-3645	10	na
ZG-3646	10	na
ZG-3647	10	na
ZG-3648	10	na
ZG-3649	10	na
ZG-3650	10	na
ZG-3651	10	na
ZG-3652	10	na
ZG-3653	10	na
ZG-3654	10	na
ZG-3655	10	na
ZG-3656	10	na
ZG-3657	10	na
ZG-3658	10	na
ZG-3659	10	na
ZG-3660	10	na
ZG-3661	10	na
ZG-3662	10	na
ZG-3663	10	na
ZG-3664	10	na
ZG-3665	10	na
ZG-3666	10	na
ZG-3667	10	na
ZG-3668	10	na
ZG-3669	10	na
ZG-3670	10	na
ZG-3671	10	na
ZG-3672	10	na
ZG-3673	10	na
ZG-3674	10	na
ZG-3675	10	na
ZG-3676	10	na
ZG-3677	10	na
ZG-3678	10	na
ZG-3679	10	na
ZG-3680	10	na
ZG-4066	10	na
ZG-5040	10	na
ZG-5041	10	na
ZG-5042	10	na
ZG-5043	10	na
ZG-5044	10	na
ZG-5131	10	na
ZG-5283	10	na
ZG-5284	10	na
ZG-5285	10	na
ZG-5566	10	na
ZG-5567	10	na
ZG-5572	10	na
ZG-5573	10	na
ZG-5667	10	na
ZG-5668	10	na
ZG-5708	10	na
ZG-5736	10	na
ZG-5737	10	na
ZG-5739	10	na
ZG-5740	10	na
ZG-5745	10	na
ZG-5747	10	na
ZG-5749	10	na
ZG-5776	10	na
ZG-5779	10	na
ZG-5800	10	na
ZG-5805	10	na
ZG-5807	10	na
ZG-5811	10	na
ZG-5812	10	na
ZG-5822	10	na
ZG-5840	10	na
ZG-5841	10	na
ZG-5846	10	na
ZG-5849	10	na
ZG-5850	10	na
ZG-5855	10	na
ZG-5857	10	na
ZG-5900	10	na
ZG-5953	10	na
ZG-5957	10	na
ZG-5958	10	na
ZG-5960	10	na
ZG-5967	10	na
ZG-5972	10	na
ZG-6406	10	na
ZG-6409	10	na
ZG-6414	10	na
ZG-6501	10	na
ZG-6502	10	na
ZG-6503	10	na
ZG-6505	10	na
ZG-6509	10	na
ZG-6515	10	na
ZG-6522	10	na
ZG-6523	10	na
ZG-6524	10	na
ZG-6525	10	na
ZG-6532	10	na
ZG-6539	10	na
ZG-6540	10	na
ZG-6541	10	na
ZG-6614	10	na
ZG-6650	10	na
ZG-6651	10	na
ZG-6673	10	na
ZG-6677	10	na
ZG-6736	10	na
ZG-6737	10	na
ZG-6738	10	na
ZG-6739	10	na
ZG-6928	10	na
ZG-6929	10	na
ZG-6930	10	na
ZG-7061	10	na
ZG-7109	10	na
ZG-7112	10	na
ZG-7117	10	na
ZG-2737	11	na
ZG-3076	11	na
ZG-3077	11	na
ZG-3078	11	na
ZG-3080	11	na
ZG-3087	11	na
ZG-3089	11	na
ZG-3091	11	na
ZG-3092	11	na
ZG-3093	11	na
ZG-3094	11	na
ZG-3095	11	na
ZG-3096	11	na
ZG-3097	11	na
ZG-3099	11	na
ZG-3100	11	na
ZG-3101	11	na
ZG-3102	11	na
ZG-3104	11	na
ZG-3105	11	na
ZG-3106	11	na
ZG-3107	11	na
ZG-3108	11	na
ZG-3109	11	na
ZG-3110	11	na
ZG-3111	11	na
ZG-3112	11	na
ZG-3114	11	na
ZG-3115	11	na
ZG-3116	11	na
ZG-3117	11	na
ZG-3118	11	na
ZG-3119	11	na
ZG-3120	11	na
ZG-3122	11	na
ZG-3124	11	na
ZG-3125	11	na
ZG-3126	11	na
ZG-3127	11	na
ZG-3128	11	na
ZG-3129	11	na
ZG-3130	11	na
ZG-3131	11	na
ZG-3132	11	na
ZG-3270	11	na
ZG-3271	11	na
ZG-3368	11	na
ZG-3369	11	na
ZG-3370	11	na
ZG-3371	11	na
ZG-3372	11	na
ZG-3373	11	na
ZG-3374	11	na
ZG-3375	11	na
ZG-3376	11	na
ZG-3377	11	na
ZG-3378	11	na
ZG-3379	11	na
ZG-3380	11	na
ZG-3381	11	na
ZG-3382	11	na
ZG-3383	11	na
ZG-3384	11	na
ZG-3385	11	na
ZG-3386	11	na
ZG-3387	11	na
ZG-3388	11	na
ZG-3389	11	na
ZG-3390	11	na
ZG-3391	11	na
ZG-3392	11	na
ZG-3393	11	na
ZG-3394	11	na
ZG-3395	11	na
ZG-3396	11	na
ZG-3397	11	na
ZG-3398	11	na
ZG-3399	11	na
ZG-3400	11	na
ZG-3401	11	na
ZG-3402	11	na
ZG-3403	11	na
ZG-3404	11	na
ZG-3405	11	na
ZG-3406	11	na
ZG-3407	11	na
ZG-3408	11	na
ZG-3409	11	na
ZG-3410	11	na
ZG-3411	11	na
ZG-3412	11	na
ZG-3413	11	na
ZG-3414	11	na
ZG-3415	11	na
ZG-3416	11	na
ZG-3417	11	na
ZG-3418	11	na
ZG-4030	11	na
ZG-4064	11	na
ZG-4070	11	na
ZG-4301	11	na
ZG-4576	11	na
ZG-4578	11	na
ZG-4580	11	na
ZG-4581	11	na
ZG-4595	11	na
ZG-4596	11	na
ZG-4597	11	na
ZG-4598	11	na
ZG-4604	11	na
ZG-4625	11	na
ZG-5002	11	na
ZG-5003	11	na
ZG-5004	11	na
ZG-5005	11	na
ZG-5006	11	na
ZG-5013	11	na
ZG-5091	11	na
ZG-5092	11	na
ZG-5095	11	na
ZG-5096	11	na
ZG-5097	11	na
ZG-5109	11	na
ZG-5110	11	na
ZG-5111	11	na
ZG-5112	11	na
ZG-5113	11	na
ZG-5114	11	na
ZG-5115	11	na
ZG-5116	11	na
ZG-5118	11	na
ZG-5120	11	na
ZG-5121	11	na
ZG-5214	11	na
ZG-5335	11	na
ZG-5336	11	na
ZG-5337	11	na
ZG-5338	11	na
ZG-5339	11	na
ZG-5435	11	na
ZG-5548	11	na
ZG-5549	11	na
ZG-5550	11	na
ZG-5551	11	na
ZG-5959	11	na
ZG-5961	11	na
ZG-5962	11	na
ZG-5963	11	na
ZG-5964	11	na
ZG-5965	11	na
ZG-5966	11	na
ZG-5969	11	na
ZG-5970	11	na
ZG-5971	11	na
ZG-5973	11	na
ZG-5974	11	na
ZG-5975	11	na
ZG-5984	11	na
ZG-5988	11	na
ZG-6017	11	na
ZG-6018	11	na
ZG-6019	11	na
ZG-6020	11	na
ZG-6021	11	na
ZG-6022	11	na
ZG-6023	11	na
ZG-6024	11	na
ZG-6029	11	na
ZG-6030	11	na
ZG-6032	11	na
ZG-6034	11	na
ZG-6036	11	na
ZG-6374	11	na
ZG-6438	11	na
ZG-6440	11	na
ZG-6441	11	na
ZG-6444	11	na
ZG-6447	11	na
ZG-6448	11	na
ZG-6449	11	na
ZG-6450	11	na
ZG-6451	11	na
ZG-6452	11	na
ZG-6453	11	na
ZG-6454	11	na
ZG-6455	11	na
ZG-6456	11	na
ZG-6457	11	na
ZG-7019	11	na
ZG-7020	11	na
ZG-7025	11	na
ZG-7032	11	na
ZG-2728	12	na
ZG-2729	12	na
ZG-2730	12	na
ZG-3140	12	na
ZG-3144	12	na
ZG-3145	12	na
ZG-3146	12	na
ZG-3151	12	na
ZG-3152	12	na
ZG-3154	12	na
ZG-3155	12	na
ZG-3156	12	na
ZG-3209	12	na
ZG-3210	12	na
ZG-3211	12	na
ZG-3212	12	na
ZG-3213	12	na
ZG-3214	12	na
ZG-3223	12	na
ZG-3224	12	na
ZG-3225	12	na
ZG-3226	12	na
ZG-3227	12	na
ZG-3228	12	na
ZG-3229	12	na
ZG-3230	12	na
ZG-3231	12	na
ZG-3232	12	na
ZG-3233	12	na
ZG-3234	12	na
ZG-3235	12	na
ZG-3236	12	na
ZG-3237	12	na
ZG-3238	12	na
ZG-3239	12	na
ZG-3272	12	na
ZG-3275	12	na
ZG-3276	12	na
ZG-3278	12	na
ZG-3279	12	na
ZG-3280	12	na
ZG-3281	12	na
ZG-3292	12	na
ZG-3293	12	na
ZG-3295	12	na
ZG-3299	12	na
ZG-3300	12	na
ZG-3301	12	na
ZG-3302	12	na
ZG-3340	12	na
ZG-3341	12	na
ZG-3342	12	na
ZG-3343	12	na
ZG-3347	12	na
ZG-3351	12	na
ZG-3353	12	na
ZG-3828	12	na
ZG-3829	12	na
ZG-3830	12	na
ZG-3831	12	na
ZG-3832	12	na
ZG-3833	12	na
ZG-3834	12	na
ZG-3837	12	na
ZG-3838	12	na
ZG-3839	12	na
ZG-3840	12	na
ZG-3841	12	na
ZG-3871	12	na
ZG-3872	12	na
ZG-3874	12	na
ZG-3876	12	na
ZG-3887	12	na
ZG-3888	12	na
ZG-3889	12	na
ZG-3891	12	na
ZG-3896	12	na
ZG-3897	12	na
ZG-3898	12	na
ZG-3899	12	na
ZG-3900	12	na
ZG-3901	12	na
ZG-3902	12	na
ZG-3903	12	na
ZG-3904	12	na
ZG-3905	12	na
ZG-3906	12	na
ZG-3907	12	na
ZG-4015	12	na
ZG-4061	12	na
ZG-4292	12	na
ZG-4380	12	na
ZG-5333	12	na
ZG-5342	12	na
ZG-5373	12	na
ZG-5374	12	na
ZG-5534	12	na
ZG-5535	12	na
ZG-5633	12	na
ZG-5642	12	na
ZG-5643	12	na
ZG-5646	12	na
ZG-5660	12	na
ZG-5664	12	na
ZG-5689	12	na
ZG-5690	12	na
ZG-5691	12	na
ZG-5692	12	na
ZG-5693	12	na
ZG-5694	12	na
ZG-5695	12	na
ZG-5696	12	na
ZG-5697	12	na
ZG-5703	12	na
ZG-5704	12	na
ZG-5705	12	na
ZG-5706	12	na
ZG-5707	12	na
ZG-5710	12	na
ZG-5711	12	na
ZG-5712	12	na
ZG-5714	12	na
ZG-5718	12	na
ZG-5719	12	na
ZG-5722	12	na
ZG-5723	12	na
ZG-5725	12	na
ZG-5730	12	na
ZG-5733	12	na
ZG-5741	12	na
ZG-5908	12	na
ZG-5909	12	na
ZG-5910	12	na
ZG-5911	12	na
ZG-6118	12	na
ZG-6768	12	na
ZG-6769	12	na
ZG-6770	12	na
ZG-6771	12	na
ZG-6772	12	na
ZG-6773	12	na
ZG-6774	12	na
ZG-6775	12	na
ZG-6776	12	na
ZG-6777	12	na
ZG-6805	12	na
ZG-6806	12	na
ZG-6807	12	na
ZG-6808	12	na
ZG-6809	12	na
ZG-6810	12	na
ZG-6811	12	na
ZG-6812	12	na
ZG-6814	12	na
ZG-7026	12	na
ZG-7102	12	na
ZG-2733	13	na
ZG-2772	13	na
ZG-2891	13	na
ZG-2892	13	na
ZG-2895	13	na
ZG-2897	13	na
ZG-2898	13	na
ZG-2899	13	na
ZG-2900	13	na
ZG-2901	13	na
ZG-2902	13	na
ZG-2903	13	na
ZG-2904	13	na
ZG-2905	13	na
ZG-3978	13	na
ZG-4008	13	na
ZG-4072	13	na
ZG-4537	13	na
ZG-4553	13	na
ZG-4651	13	na
ZG-4862	13	na
ZG-4863	13	na
ZG-4864	13	na
ZG-4865	13	na
ZG-4866	13	na
ZG-4867	13	na
ZG-4868	13	na
ZG-4869	13	na
ZG-4870	13	na
ZG-4871	13	na
ZG-4872	13	na
ZG-4873	13	na
ZG-4874	13	na
ZG-4875	13	na
ZG-4876	13	na
ZG-4877	13	na
ZG-4879	13	na
ZG-4889	13	na
ZG-4908	13	na
ZG-4939	13	na
ZG-4946	13	na
ZG-5007	13	na
ZG-5008	13	na
ZG-5009	13	na
ZG-5010	13	na
ZG-5011	13	na
ZG-5017	13	na
ZG-5029	13	na
ZG-5030	13	na
ZG-5033	13	na
ZG-5034	13	na
ZG-5036	13	na
ZG-5037	13	na
ZG-5038	13	na
ZG-5039	13	na
ZG-5137	13	na
ZG-5138	13	na
ZG-5234	13	na
ZG-5288	13	na
ZG-5289	13	na
ZG-5316	13	na
ZG-5378	13	na
ZG-5405	13	na
ZG-5406	13	na
ZG-5525	13	na
ZG-5536	13	na
ZG-5623	13	na
ZG-5701	13	na
ZG-5702	13	na
ZG-5750	13	na
ZG-5752	13	na
ZG-5753	13	na
ZG-5754	13	na
ZG-5756	13	na
ZG-5759	13	na
ZG-5760	13	na
ZG-5761	13	na
ZG-5762	13	na
ZG-5763	13	na
ZG-6049	13	na
ZG-6064	13	na
ZG-6423	13	na
ZG-6424	13	na
ZG-6426	13	na
ZG-6427	13	na
ZG-6429	13	na
ZG-6430	13	na
ZG-6431	13	na
ZG-6432	13	na
ZG-6434	13	na
ZG-6437	13	na
ZG-6439	13	na
ZG-6442	13	na
ZG-6477	13	na
ZG-6488	13	na
ZG-6491	13	na
ZG-6493	13	na
ZG-6494	13	na
ZG-6495	13	na
ZG-6496	13	na
ZG-6497	13	na
ZG-6498	13	na
ZG-6504	13	na
ZG-6506	13	na
ZG-6507	13	na
ZG-6508	13	na
ZG-6511	13	na
ZG-6512	13	na
ZG-6513	13	na
ZG-6514	13	na
ZG-6516	13	na
ZG-6517	13	na
ZG-6518	13	na
ZG-6519	13	na
ZG-6520	13	na
ZG-6521	13	na
ZG-6590	13	na
ZG-6595	13	na
ZG-6615	13	na
ZG-6666	13	na
ZG-6667	13	na
ZG-6839	13	na
ZG-6840	13	na
ZG-6841	13	na
ZG-6842	13	na
ZG-6843	13	na
ZG-6844	13	na
ZG-6845	13	na
ZG-6846	13	na
ZG-6847	13	na
ZG-6848	13	na
ZG-6849	13	na
ZG-6850	13	na
ZG-6851	13	na
ZG-6852	13	na
ZG-6853	13	na
ZG-6854	13	na
ZG-6855	13	na
ZG-6856	13	na
ZG-6857	13	na
ZG-6858	13	na
ZG-6859	13	na
ZG-6931	13	na
ZG-6932	13	na
ZG-6933	13	na
ZG-6934	13	na
ZG-6935	13	na
ZG-6936	13	na
ZG-6972	13	na
ZG-7018	13	na
ZG-7062	13	na
ZG-7085	13	na
ZG-7107	13	na
ZG-2720	14	na
ZG-2724	14	na
ZG-2725	14	na
ZG-2726	14	na
ZG-2727	14	na
ZG-2749	14	na
ZG-2765	14	na
ZG-2766	14	na
ZG-2768	14	na
ZG-3243	14	na
ZG-3245	14	na
ZG-37	14	na
ZG-3806	14	na
ZG-3807	14	na
ZG-3808	14	na
ZG-3809	14	na
ZG-3810	14	na
ZG-3813	14	na
ZG-3815	14	na
ZG-3816	14	na
ZG-3817	14	na
ZG-3818	14	na
ZG-3821	14	na
ZG-3822	14	na
ZG-3823	14	na
ZG-3824	14	na
ZG-3825	14	na
ZG-3826	14	na
ZG-3827	14	na
ZG-3835	14	na
ZG-3836	14	na
ZG-3842	14	na
ZG-3843	14	na
ZG-3844	14	na
ZG-3845	14	na
ZG-3846	14	na
ZG-3847	14	na
ZG-3848	14	na
ZG-3849	14	na
ZG-3850	14	na
ZG-3851	14	na
ZG-3852	14	na
ZG-3853	14	na
ZG-3854	14	na
ZG-3855	14	na
ZG-3856	14	na
ZG-3857	14	na
ZG-3858	14	na
ZG-3859	14	na
ZG-3860	14	na
ZG-3861	14	na
ZG-3862	14	na
ZG-3863	14	na
ZG-3864	14	na
ZG-3865	14	na
ZG-3866	14	na
ZG-3867	14	na
ZG-3868	14	na
ZG-3869	14	na
ZG-3870	14	na
ZG-3873	14	na
ZG-3875	14	na
ZG-3877	14	na
ZG-3878	14	na
ZG-3879	14	na
ZG-3880	14	na
ZG-3881	14	na
ZG-3882	14	na
ZG-3883	14	na
ZG-3884	14	na
ZG-3885	14	na
ZG-3886	14	na
ZG-3890	14	na
ZG-3892	14	na
ZG-3893	14	na
ZG-3894	14	na
ZG-3895	14	na
ZG-3919	14	na
ZG-3920	14	na
ZG-3921	14	na
ZG-3922	14	na
ZG-3923	14	na
ZG-3924	14	na
ZG-3925	14	na
ZG-3927	14	na
ZG-3928	14	na
ZG-3992	14	na
ZG-4002	14	na
ZG-4005	14	na
ZG-4041	14	na
ZG-4051	14	na
ZG-4075	14	na
ZG-4092	14	na
ZG-4154	14	na
ZG-4155	14	na
ZG-4156	14	na
ZG-4732	14	na
ZG-4734	14	na
ZG-4735	14	na
ZG-5242	14	na
ZG-5243	14	na
ZG-5244	14	na
ZG-5245	14	na
ZG-5249	14	na
ZG-5252	14	na
ZG-5253	14	na
ZG-5263	14	na
ZG-5264	14	na
ZG-5265	14	na
ZG-5266	14	na
ZG-5267	14	na
ZG-5268	14	na
ZG-5269	14	na
ZG-5270	14	na
ZG-5271	14	na
ZG-5273	14	na
ZG-5274	14	na
ZG-5275	14	na
ZG-5276	14	na
ZG-5438	14	na
ZG-5532	14	na
ZG-5641	14	na
ZG-5669	14	na
ZG-5901	14	na
ZG-5903	14	na
ZG-5904	14	na
ZG-5905	14	na
ZG-6026	14	na
ZG-6044	14	na
ZG-6045	14	na
ZG-6046	14	na
ZG-6054	14	na
ZG-6055	14	na
ZG-6057	14	na
ZG-6061	14	na
ZG-6062	14	na
ZG-6063	14	na
ZG-6065	14	na
ZG-6066	14	na
ZG-6069	14	na
ZG-6077	14	na
ZG-6078	14	na
ZG-6079	14	na
ZG-6080	14	na
ZG-6081	14	na
ZG-6082	14	na
ZG-6083	14	na
ZG-6084	14	na
ZG-6085	14	na
ZG-6091	14	na
ZG-6101	14	na
ZG-6103	14	na
ZG-6105	14	na
ZG-6106	14	na
ZG-6109	14	na
ZG-6123	14	na
ZG-6124	14	na
ZG-6125	14	na
ZG-6126	14	na
ZG-6127	14	na
ZG-6128	14	na
ZG-6129	14	na
ZG-6143	14	na
ZG-6245	14	na
ZG-6246	14	na
ZG-6251	14	na
ZG-6259	14	na
ZG-6260	14	na
ZG-6261	14	na
ZG-6265	14	na
ZG-6267	14	na
ZG-6268	14	na
ZG-6269	14	na
ZG-6273	14	na
ZG-6274	14	na
ZG-6276	14	na
ZG-6279	14	na
ZG-6282	14	na
ZG-6283	14	na
ZG-6284	14	na
ZG-6290	14	na
ZG-6292	14	na
ZG-6293	14	na
ZG-6295	14	na
ZG-6297	14	na
ZG-6298	14	na
ZG-6300	14	na
ZG-6301	14	na
ZG-6303	14	na
ZG-6306	14	na
ZG-6309	14	na
ZG-6310	14	na
ZG-6311	14	na
ZG-6358	14	na
ZG-6359	14	na
ZG-6400	14	na
ZG-6726	14	na
ZG-6727	14	na
ZG-6728	14	na
ZG-6729	14	na
ZG-6730	14	na
ZG-6740	14	na
ZG-6741	14	na
ZG-6742	14	na
ZG-6743	14	na
ZG-6744	14	na
ZG-6745	14	na
ZG-6746	14	na
ZG-6747	14	na
ZG-6748	14	na
ZG-6749	14	na
ZG-6750	14	na
ZG-6751	14	na
ZG-7119	14	na
ZG-2745	15	na
ZG-2747	15	na
ZG-2773	15	na
ZG-2932	15	na
ZG-2933	15	na
ZG-2934	15	na
ZG-2935	15	na
ZG-2936	15	na
ZG-2938	15	na
ZG-2939	15	na
ZG-2940	15	na
ZG-2941	15	na
ZG-2942	15	na
ZG-2947	15	na
ZG-2948	15	na
ZG-2949	15	na
ZG-2950	15	na
ZG-2951	15	na
ZG-2952	15	na
ZG-2953	15	na
ZG-2954	15	na
ZG-2957	15	na
ZG-2966	15	na
ZG-2972	15	na
ZG-2976	15	na
ZG-2980	15	na
ZG-2986	15	na
ZG-2987	15	na
ZG-2988	15	na
ZG-2989	15	na
ZG-2990	15	na
ZG-2991	15	na
ZG-3001	15	na
ZG-3005	15	na
ZG-3007	15	na
ZG-3008	15	na
ZG-3010	15	na
ZG-3013	15	na
ZG-3014	15	na
ZG-3015	15	na
ZG-3027	15	na
ZG-3028	15	na
ZG-3030	15	na
ZG-3031	15	na
ZG-3032	15	na
ZG-3033	15	na
ZG-3034	15	na
ZG-3035	15	na
ZG-3036	15	na
ZG-3045	15	na
ZG-3049	15	na
ZG-3050	15	na
ZG-3051	15	na
ZG-3052	15	na
ZG-3053	15	na
ZG-3054	15	na
ZG-3056	15	na
ZG-3061	15	na
ZG-3062	15	na
ZG-3063	15	na
ZG-3065	15	na
ZG-3070	15	na
ZG-3072	15	na
ZG-3079	15	na
ZG-3081	15	na
ZG-3082	15	na
ZG-3083	15	na
ZG-3084	15	na
ZG-3085	15	na
ZG-3086	15	na
ZG-3909	15	na
ZG-3910	15	na
ZG-3911	15	na
ZG-3912	15	na
ZG-3913	15	na
ZG-3916	15	na
ZG-3917	15	na
ZG-3918	15	na
ZG-4011	15	na
ZG-4039	15	na
ZG-5433	15	na
ZG-5434	15	na
ZG-5467	15	na
ZG-5468	15	na
ZG-5469	15	na
ZG-5470	15	na
ZG-5471	15	na
ZG-5472	15	na
ZG-5577	15	na
ZG-5580	15	na
ZG-5581	15	na
ZG-5582	15	na
ZG-5583	15	na
ZG-5648	15	na
ZG-5775	15	na
ZG-5912	15	na
ZG-5913	15	na
ZG-5914	15	na
ZG-5915	15	na
ZG-5916	15	na
ZG-5917	15	na
ZG-5918	15	na
ZG-5919	15	na
ZG-5920	15	na
ZG-5921	15	na
ZG-5922	15	na
ZG-5923	15	na
ZG-5925	15	na
ZG-5926	15	na
ZG-5968	15	na
ZG-5976	15	na
ZG-5977	15	na
ZG-5978	15	na
ZG-5979	15	na
ZG-5980	15	na
ZG-5986	15	na
ZG-5987	15	na
ZG-5995	15	na
ZG-6003	15	na
ZG-6013	15	na
ZG-6025	15	na
ZG-6679	15	na
ZG-6705	15	na
ZG-6706	15	na
ZG-6707	15	na
ZG-6708	15	na
ZG-6709	15	na
ZG-6710	15	na
ZG-6713	15	na
ZG-6715	15	na
ZG-6717	15	na
ZG-6719	15	na
ZG-6720	15	na
ZG-6766	15	na
ZG-7004	15	na
ZG-7106	15	na
ZG-2767	16	na
ZG-2769	16	na
ZG-2912	16	na
ZG-3254	16	na
ZG-3971	16	na
ZG-4000	16	na
ZG-4042	16	na
ZG-4043	16	na
ZG-4105	16	na
ZG-4113	16	na
ZG-4114	16	na
ZG-4357	16	na
ZG-4370	16	na
ZG-4373	16	na
ZG-4374	16	na
ZG-4375	16	na
ZG-4381	16	na
ZG-4382	16	na
ZG-4383	16	na
ZG-4384	16	na
ZG-4386	16	na
ZG-4388	16	na
ZG-4392	16	na
ZG-4393	16	na
ZG-4394	16	na
ZG-4396	16	na
ZG-4397	16	na
ZG-4398	16	na
ZG-4399	16	na
ZG-4400	16	na
ZG-4407	16	na
ZG-4409	16	na
ZG-4410	16	na
ZG-4411	16	na
ZG-4412	16	na
ZG-4413	16	na
ZG-4414	16	na
ZG-4415	16	na
ZG-4416	16	na
ZG-4417	16	na
ZG-4418	16	na
ZG-4420	16	na
ZG-4421	16	na
ZG-4422	16	na
ZG-4423	16	na
ZG-4424	16	na
ZG-4425	16	na
ZG-4427	16	na
ZG-4428	16	na
ZG-4429	16	na
ZG-4430	16	na
ZG-4431	16	na
ZG-4432	16	na
ZG-4433	16	na
ZG-4434	16	na
ZG-4435	16	na
ZG-4436	16	na
ZG-4437	16	na
ZG-4438	16	na
ZG-4442	16	na
ZG-4445	16	na
ZG-4447	16	na
ZG-4449	16	na
ZG-4450	16	na
ZG-4458	16	na
ZG-4460	16	na
ZG-4472	16	na
ZG-4474	16	na
ZG-4477	16	na
ZG-4480	16	na
ZG-4481	16	na
ZG-4482	16	na
ZG-4484	16	na
ZG-4497	16	na
ZG-4498	16	na
ZG-4502	16	na
ZG-4503	16	na
ZG-4506	16	na
ZG-4507	16	na
ZG-4510	16	na
ZG-4511	16	na
ZG-4512	16	na
ZG-4515	16	na
ZG-4516	16	na
ZG-4517	16	na
ZG-4518	16	na
ZG-4519	16	na
ZG-4520	16	na
ZG-4521	16	na
ZG-5127	16	na
ZG-5130	16	na
ZG-5132	16	na
ZG-5134	16	na
ZG-5135	16	na
ZG-5136	16	na
ZG-5140	16	na
ZG-5141	16	na
ZG-5224	16	na
ZG-5225	16	na
ZG-5226	16	na
ZG-5227	16	na
ZG-5229	16	na
ZG-5230	16	na
ZG-5791	16	na
ZG-5793	16	na
ZG-5794	16	na
ZG-5797	16	na
ZG-5798	16	na
ZG-5799	16	na
ZG-5808	16	na
ZG-5810	16	na
ZG-5813	16	na
ZG-5814	16	na
ZG-5815	16	na
ZG-5818	16	na
ZG-5821	16	na
ZG-5823	16	na
ZG-5824	16	na
ZG-5825	16	na
ZG-5826	16	na
ZG-5827	16	na
ZG-5828	16	na
ZG-5829	16	na
ZG-5830	16	na
ZG-5831	16	na
ZG-5832	16	na
ZG-5833	16	na
ZG-5834	16	na
ZG-5835	16	na
ZG-5836	16	na
ZG-5837	16	na
ZG-5838	16	na
ZG-5839	16	na
ZG-5843	16	na
ZG-5844	16	na
ZG-5845	16	na
ZG-5847	16	na
ZG-5848	16	na
ZG-5851	16	na
ZG-5854	16	na
ZG-5860	16	na
ZG-5861	16	na
ZG-5863	16	na
ZG-5864	16	na
ZG-5866	16	na
ZG-5867	16	na
ZG-5868	16	na
ZG-5871	16	na
ZG-5872	16	na
ZG-5874	16	na
ZG-5875	16	na
ZG-5876	16	na
ZG-5877	16	na
ZG-5878	16	na
ZG-5879	16	na
ZG-5880	16	na
ZG-5882	16	na
ZG-5887	16	na
ZG-5889	16	na
ZG-5890	16	na
ZG-5891	16	na
ZG-6225	16	na
ZG-6232	16	na
ZG-6233	16	na
ZG-6235	16	na
ZG-6239	16	na
ZG-6241	16	na
ZG-6346	16	na
ZG-6347	16	na
ZG-6349	16	na
ZG-6371	16	na
ZG-6470	16	na
ZG-6692	16	na
ZG-6693	16	na
ZG-6694	16	na
ZG-6697	16	na
ZG-6699	16	na
ZG-6700	16	na
ZG-6701	16	na
ZG-7120	16	na
ZG-2714	17	na
ZG-2723	17	na
ZG-2731	17	na
ZG-2843	17	na
ZG-2844	17	na
ZG-2845	17	na
ZG-2846	17	na
ZG-2847	17	na
ZG-2848	17	na
ZG-2849	17	na
ZG-2851	17	na
ZG-2855	17	na
ZG-2856	17	na
ZG-2857	17	na
ZG-2873	17	na
ZG-2874	17	na
ZG-2879	17	na
ZG-2880	17	na
ZG-3055	17	na
ZG-3057	17	na
ZG-3058	17	na
ZG-3059	17	na
ZG-3060	17	na
ZG-3187	17	na
ZG-3188	17	na
ZG-3189	17	na
ZG-3197	17	na
ZG-3198	17	na
ZG-3216	17	na
ZG-3220	17	na
ZG-3221	17	na
ZG-3222	17	na
ZG-3303	17	na
ZG-3304	17	na
ZG-3305	17	na
ZG-3307	17	na
ZG-3308	17	na
ZG-3309	17	na
ZG-3310	17	na
ZG-3311	17	na
ZG-3312	17	na
ZG-3313	17	na
ZG-3314	17	na
ZG-3315	17	na
ZG-3316	17	na
ZG-3317	17	na
ZG-3319	17	na
ZG-3320	17	na
ZG-3321	17	na
ZG-3322	17	na
ZG-3323	17	na
ZG-3324	17	na
ZG-3325	17	na
ZG-3326	17	na
ZG-3327	17	na
ZG-3344	17	na
ZG-3345	17	na
ZG-3346	17	na
ZG-3348	17	na
ZG-3349	17	na
ZG-3350	17	na
ZG-3352	17	na
ZG-3354	17	na
ZG-3355	17	na
ZG-3360	17	na
ZG-3363	17	na
ZG-3364	17	na
ZG-3365	17	na
ZG-3366	17	na
ZG-3419	17	na
ZG-3420	17	na
ZG-3421	17	na
ZG-3422	17	na
ZG-3423	17	na
ZG-3424	17	na
ZG-4034	17	na
ZG-4074	17	na
ZG-4101	17	na
ZG-4102	17	na
ZG-4797	17	na
ZG-5014	17	na
ZG-5015	17	na
ZG-5122	17	na
ZG-5123	17	na
ZG-5340	17	na
ZG-5341	17	na
ZG-5343	17	na
ZG-5344	17	na
ZG-5345	17	na
ZG-5346	17	na
ZG-5347	17	na
ZG-5348	17	na
ZG-5349	17	na
ZG-5350	17	na
ZG-5351	17	na
ZG-5352	17	na
ZG-5353	17	na
ZG-5354	17	na
ZG-5355	17	na
ZG-5356	17	na
ZG-5357	17	na
ZG-5365	17	na
ZG-5366	17	na
ZG-5446	17	na
ZG-5447	17	na
ZG-5476	17	na
ZG-6041	17	na
ZG-6042	17	na
ZG-6043	17	na
ZG-6047	17	na
ZG-6048	17	na
ZG-6050	17	na
ZG-6051	17	na
ZG-6052	17	na
ZG-6053	17	na
ZG-6428	17	na
ZG-6433	17	na
ZG-6435	17	na
ZG-6529	17	na
ZG-6530	17	na
ZG-6537	17	na
ZG-6594	17	na
ZG-6660	17	na
ZG-6977	17	na
ZG-6978	17	na
ZG-6979	17	na
ZG-6980	17	na
ZG-6981	17	na
ZG-6982	17	na
ZG-6983	17	na
ZG-7029	17	na
ZG-7038	17	na
ZG-2708	18	na
ZG-2709	18	na
ZG-2762	18	na
ZG-2774	18	na
ZG-2789	18	na
ZG-2791	18	na
ZG-36	18	na
ZG-3819	18	na
ZG-3926	18	na
ZG-3929	18	na
ZG-3930	18	na
ZG-3932	18	na
ZG-3974	18	na
ZG-4001	18	na
ZG-4013	18	na
ZG-4522	18	na
ZG-4523	18	na
ZG-4524	18	na
ZG-4525	18	na
ZG-4526	18	na
ZG-4527	18	na
ZG-4528	18	na
ZG-4540	18	na
ZG-4546	18	na
ZG-4547	18	na
ZG-4548	18	na
ZG-4549	18	na
ZG-4554	18	na
ZG-4555	18	na
ZG-4556	18	na
ZG-4557	18	na
ZG-4558	18	na
ZG-4559	18	na
ZG-4561	18	na
ZG-4562	18	na
ZG-4565	18	na
ZG-4566	18	na
ZG-4568	18	na
ZG-4569	18	na
ZG-4571	18	na
ZG-4573	18	na
ZG-4574	18	na
ZG-4575	18	na
ZG-4635	18	na
ZG-4646	18	na
ZG-4647	18	na
ZG-4649	18	na
ZG-4650	18	na
ZG-4652	18	na
ZG-4653	18	na
ZG-4654	18	na
ZG-4655	18	na
ZG-4656	18	na
ZG-4657	18	na
ZG-4658	18	na
ZG-4659	18	na
ZG-4660	18	na
ZG-4661	18	na
ZG-4662	18	na
ZG-4663	18	na
ZG-4664	18	na
ZG-4665	18	na
ZG-4666	18	na
ZG-4667	18	na
ZG-4668	18	na
ZG-4669	18	na
ZG-4670	18	na
ZG-4671	18	na
ZG-4672	18	na
ZG-4673	18	na
ZG-4674	18	na
ZG-4675	18	na
ZG-4676	18	na
ZG-4677	18	na
ZG-4678	18	na
ZG-4679	18	na
ZG-4680	18	na
ZG-4681	18	na
ZG-4682	18	na
ZG-4683	18	na
ZG-4684	18	na
ZG-4685	18	na
ZG-4686	18	na
ZG-4940	18	na
ZG-5046	18	na
ZG-5047	18	na
ZG-5048	18	na
ZG-5238	18	na
ZG-5239	18	na
ZG-5240	18	na
ZG-5241	18	na
ZG-5246	18	na
ZG-5247	18	na
ZG-5248	18	na
ZG-5254	18	na
ZG-5388	18	na
ZG-5430	18	na
ZG-5431	18	na
ZG-5442	18	na
ZG-5443	18	na
ZG-5444	18	na
ZG-5479	18	na
ZG-5480	18	na
ZG-5757	18	na
ZG-5758	18	na
ZG-6526	18	na
ZG-6527	18	na
ZG-6528	18	na
ZG-6531	18	na
ZG-6533	18	na
ZG-6534	18	na
ZG-6535	18	na
ZG-6536	18	na
ZG-6538	18	na
ZG-6542	18	na
ZG-6544	18	na
ZG-6545	18	na
ZG-6546	18	na
ZG-6547	18	na
ZG-6548	18	na
ZG-6549	18	na
ZG-6550	18	na
ZG-6551	18	na
ZG-6552	18	na
ZG-6553	18	na
ZG-6554	18	na
ZG-6555	18	na
ZG-6556	18	na
ZG-6557	18	na
ZG-6558	18	na
ZG-6559	18	na
ZG-6588	18	na
ZG-6616	18	na
ZG-6617	18	na
ZG-6618	18	na
ZG-6619	18	na
ZG-6620	18	na
ZG-6621	18	na
ZG-6622	18	na
ZG-6623	18	na
ZG-6624	18	na
ZG-6661	18	na
ZG-6662	18	na
ZG-6663	18	na
ZG-6678	18	na
ZG-6689	18	na
ZG-6690	18	na
ZG-6783	18	na
ZG-6860	18	na
ZG-6861	18	na
ZG-6862	18	na
ZG-6863	18	na
ZG-6864	18	na
ZG-6865	18	na
ZG-6866	18	na
ZG-6867	18	na
ZG-6868	18	na
ZG-6869	18	na
ZG-6870	18	na
ZG-6871	18	na
ZG-6872	18	na
ZG-6873	18	na
ZG-6937	18	na
ZG-6938	18	na
ZG-6939	18	na
ZG-6940	18	na
ZG-6973	18	na
ZG-6974	18	na
ZG-7059	18	na
ZG-7118	18	na
ZG-7123	18	na
ZG-35	19	na
ZG-3743	19	na
ZG-3744	19	na
ZG-3745	19	na
ZG-3747	19	na
ZG-3748	19	na
ZG-3749	19	na
ZG-3750	19	na
ZG-3751	19	na
ZG-3752	19	na
ZG-3753	19	na
ZG-3754	19	na
ZG-3755	19	na
ZG-3756	19	na
ZG-3757	19	na
ZG-3758	19	na
ZG-3759	19	na
ZG-3760	19	na
ZG-3761	19	na
ZG-3762	19	na
ZG-3763	19	na
ZG-3764	19	na
ZG-3765	19	na
ZG-3766	19	na
ZG-3767	19	na
ZG-3768	19	na
ZG-3769	19	na
ZG-3770	19	na
ZG-3771	19	na
ZG-3772	19	na
ZG-3773	19	na
ZG-3774	19	na
ZG-3775	19	na
ZG-3776	19	na
ZG-3777	19	na
ZG-3778	19	na
ZG-3779	19	na
ZG-3780	19	na
ZG-3781	19	na
ZG-3782	19	na
ZG-3783	19	na
ZG-3784	19	na
ZG-3785	19	na
ZG-3786	19	na
ZG-3787	19	na
ZG-3788	19	na
ZG-3789	19	na
ZG-3790	19	na
ZG-3791	19	na
ZG-3792	19	na
ZG-3793	19	na
ZG-3794	19	na
ZG-3795	19	na
ZG-3796	19	na
ZG-3797	19	na
ZG-3798	19	na
ZG-3799	19	na
ZG-3800	19	na
ZG-3801	19	na
ZG-3802	19	na
ZG-3803	19	na
ZG-3993	19	na
ZG-3994	19	na
ZG-4058	19	na
ZG-4951	19	na
ZG-5012	19	na
ZG-5125	19	na
ZG-5126	19	na
ZG-5215	19	na
ZG-5367	19	na
ZG-5368	19	na
ZG-5369	19	na
ZG-5370	19	na
ZG-5371	19	na
ZG-5372	19	na
ZG-5375	19	na
ZG-5376	19	na
ZG-5379	19	na
ZG-5380	19	na
ZG-5381	19	na
ZG-5382	19	na
ZG-5383	19	na
ZG-5384	19	na
ZG-5385	19	na
ZG-5422	19	na
ZG-5460	19	na
ZG-5461	19	na
ZG-5462	19	na
ZG-5481	19	na
ZG-5482	19	na
ZG-5483	19	na
ZG-5484	19	na
ZG-5485	19	na
ZG-5489	19	na
ZG-5497	19	na
ZG-5498	19	na
ZG-5499	19	na
ZG-5503	19	na
ZG-5504	19	na
ZG-5561	19	na
ZG-5575	19	na
ZG-6056	19	na
ZG-6058	19	na
ZG-6059	19	na
ZG-6060	19	na
ZG-6067	19	na
ZG-6068	19	na
ZG-6070	19	na
ZG-6072	19	na
ZG-6073	19	na
ZG-6074	19	na
ZG-6075	19	na
ZG-6076	19	na
ZG-6089	19	na
ZG-6111	19	na
ZG-6413	19	na
ZG-6415	19	na
ZG-6416	19	na
ZG-6419	19	na
ZG-6422	19	na
ZG-6510	19	na
ZG-6589	19	na
ZG-6591	19	na
ZG-6644	19	na
ZG-6984	19	na
ZG-6985	19	na
ZG-6986	19	na
ZG-6987	19	na
ZG-6989	19	na
ZG-6990	19	na
ZG-6991	19	na
ZG-6992	19	na
ZG-7103	19	na
ZG-2701	1	na
ZG-2752	1	na
ZG-2759	1	na
ZG-2875	1	na
ZG-2886	1	na
ZG-2887	1	na
ZG-2888	1	na
ZG-2889	1	na
ZG-2911	1	na
ZG-2913	1	na
ZG-2924	1	na
ZG-2937	1	na
ZG-2944	1	na
ZG-2946	1	na
ZG-3025	1	na
ZG-3026	1	na
ZG-3029	1	na
ZG-3088	1	na
ZG-3090	1	na
ZG-3098	1	na
ZG-3103	1	na
ZG-3113	1	na
ZG-3121	1	na
ZG-3123	1	na
ZG-3240	1	na
ZG-3318	1	na
ZG-3328	1	na
ZG-3730	1	na
ZG-4021	1	na
ZG-4083	1	na
ZG-4084	1	na
ZG-4107	1	na
ZG-4109	1	na
ZG-4157	1	na
ZG-4285	1	na
ZG-4287	1	na
ZG-4495	1	na
ZG-4534	1	na
ZG-4550	1	na
ZG-4552	1	na
ZG-4572	1	na
ZG-4577	1	na
ZG-4579	1	na
ZG-4582	1	na
ZG-4589	1	na
ZG-4591	1	na
ZG-4628	1	na
ZG-4629	1	na
ZG-4633	1	na
ZG-4634	1	na
ZG-4645	1	na
ZG-4648	1	na
ZG-4822	1	na
ZG-4824	1	na
ZG-4825	1	na
ZG-4826	1	na
ZG-4833	1	na
ZG-4847	1	na
ZG-4848	1	na
ZG-4855	1	na
ZG-4856	1	na
ZG-4858	1	na
ZG-4859	1	na
ZG-4860	1	na
ZG-4861	1	na
ZG-4880	1	na
ZG-4881	1	na
ZG-4882	1	na
ZG-4883	1	na
ZG-4884	1	na
ZG-4885	1	na
ZG-4886	1	na
ZG-4887	1	na
ZG-4888	1	na
ZG-4890	1	na
ZG-4891	1	na
ZG-4892	1	na
ZG-4893	1	na
ZG-4894	1	na
ZG-4895	1	na
ZG-4896	1	na
ZG-4897	1	na
ZG-4898	1	na
ZG-4900	1	na
ZG-4901	1	na
ZG-4902	1	na
ZG-4903	1	na
ZG-4904	1	na
ZG-4905	1	na
ZG-4906	1	na
ZG-4907	1	na
ZG-4915	1	na
ZG-4916	1	na
ZG-4917	1	na
ZG-4918	1	na
ZG-4919	1	na
ZG-4920	1	na
ZG-4921	1	na
ZG-4923	1	na
ZG-4924	1	na
ZG-4925	1	na
ZG-4926	1	na
ZG-4927	1	na
ZG-4928	1	na
ZG-4929	1	na
ZG-4930	1	na
ZG-4931	1	na
ZG-4932	1	na
ZG-4933	1	na
ZG-4934	1	na
ZG-4935	1	na
ZG-4936	1	na
ZG-4937	1	na
ZG-4938	1	na
ZG-5019	1	na
ZG-5087	1	na
ZG-5159	1	na
ZG-5176	1	na
ZG-5262	1	na
ZG-5279	1	na
ZG-5280	1	na
ZG-5281	1	na
ZG-5282	1	na
ZG-5290	1	na
ZG-5360	1	na
ZG-5362	1	na
ZG-5363	1	na
ZG-5364	1	na
ZG-5407	1	na
ZG-5429	1	na
ZG-5464	1	na
ZG-5465	1	na
ZG-5486	1	na
ZG-5501	1	na
ZG-5509	1	na
ZG-5644	1	na
ZG-5645	1	na
ZG-5647	1	na
ZG-5650	1	na
ZG-5651	1	na
ZG-5677	1	na
ZG-5802	1	na
ZG-5804	1	na
ZG-5806	1	na
ZG-5842	1	na
ZG-5853	1	na
ZG-5859	1	na
ZG-5869	1	na
ZG-5870	1	na
ZG-5892	1	na
ZG-5893	1	na
ZG-5894	1	na
ZG-5895	1	na
ZG-5932	1	na
ZG-5934	1	na
ZG-5935	1	na
ZG-5949	1	na
ZG-5985	1	na
ZG-5992	1	na
ZG-5993	1	na
ZG-5994	1	na
ZG-5996	1	na
ZG-5998	1	na
ZG-5999	1	na
ZG-6000	1	na
ZG-6001	1	na
ZG-6002	1	na
ZG-6006	1	na
ZG-6008	1	na
ZG-6009	1	na
ZG-6011	1	na
ZG-6012	1	na
ZG-6014	1	na
ZG-6015	1	na
ZG-6016	1	na
ZG-6027	1	na
ZG-6035	1	na
ZG-6038	1	na
ZG-6039	1	na
ZG-6088	1	na
ZG-6090	1	na
ZG-6093	1	na
ZG-6094	1	na
ZG-6096	1	na
ZG-6100	1	na
ZG-6110	1	na
ZG-6112	1	na
ZG-6113	1	na
ZG-6114	1	na
ZG-6115	1	na
ZG-6117	1	na
ZG-6119	1	na
ZG-6121	1	na
ZG-6130	1	na
ZG-6404	1	na
ZG-6407	1	na
ZG-6436	1	na
ZG-6543	1	na
ZG-6654	1	na
ZG-6655	1	na
ZG-6656	1	na
ZG-6657	1	na
ZG-6658	1	na
ZG-6659	1	na
ZG-6896	1	na
ZG-6897	1	na
ZG-6898	1	na
ZG-6995	1	na
ZG-7007	1	na
ZG-7008	1	na
ZG-7098	1	na
ZG-7105	1	na
ZG-2788	20	na
ZG-2792	20	na
ZG-3732	20	na
ZG-3742	20	na
ZG-3746	20	na
ZG-3820	20	na
ZG-3915	20	na
ZG-3996	20	na
ZG-4031	20	na
ZG-4544	20	na
ZG-4687	20	na
ZG-4688	20	na
ZG-4690	20	na
ZG-4691	20	na
ZG-4692	20	na
ZG-4693	20	na
ZG-4694	20	na
ZG-4695	20	na
ZG-4696	20	na
ZG-4697	20	na
ZG-4698	20	na
ZG-4699	20	na
ZG-4700	20	na
ZG-4702	20	na
ZG-4704	20	na
ZG-4706	20	na
ZG-4707	20	na
ZG-4708	20	na
ZG-4709	20	na
ZG-4711	20	na
ZG-4712	20	na
ZG-4713	20	na
ZG-4714	20	na
ZG-4715	20	na
ZG-4716	20	na
ZG-4717	20	na
ZG-4720	20	na
ZG-4721	20	na
ZG-4722	20	na
ZG-4723	20	na
ZG-4724	20	na
ZG-4726	20	na
ZG-4728	20	na
ZG-4731	20	na
ZG-4736	20	na
ZG-4738	20	na
ZG-4739	20	na
ZG-4741	20	na
ZG-4743	20	na
ZG-4747	20	na
ZG-4751	20	na
ZG-4752	20	na
ZG-4755	20	na
ZG-4757	20	na
ZG-4759	20	na
ZG-4760	20	na
ZG-4762	20	na
ZG-4763	20	na
ZG-4764	20	na
ZG-4767	20	na
ZG-4768	20	na
ZG-4769	20	na
ZG-4770	20	na
ZG-4771	20	na
ZG-4772	20	na
ZG-4775	20	na
ZG-4776	20	na
ZG-4777	20	na
ZG-4778	20	na
ZG-4779	20	na
ZG-4780	20	na
ZG-4781	20	na
ZG-4782	20	na
ZG-4783	20	na
ZG-4784	20	na
ZG-4785	20	na
ZG-4786	20	na
ZG-4788	20	na
ZG-4789	20	na
ZG-5050	20	na
ZG-5051	20	na
ZG-5052	20	na
ZG-5053	20	na
ZG-5250	20	na
ZG-5251	20	na
ZG-5428	20	na
ZG-5457	20	na
ZG-5458	20	na
ZG-5617	20	na
ZG-5981	20	na
ZG-5982	20	na
ZG-5983	20	na
ZG-5989	20	na
ZG-5990	20	na
ZG-5991	20	na
ZG-5997	20	na
ZG-6004	20	na
ZG-6005	20	na
ZG-6007	20	na
ZG-6010	20	na
ZG-6031	20	na
ZG-6033	20	na
ZG-6037	20	na
ZG-619	20	na
ZG-6394	20	na
ZG-6395	20	na
ZG-6417	20	na
ZG-6418	20	na
ZG-6420	20	na
ZG-6421	20	na
ZG-6625	20	na
ZG-6626	20	na
ZG-6627	20	na
ZG-6668	20	na
ZG-6669	20	na
ZG-6670	20	na
ZG-6874	20	na
ZG-6875	20	na
ZG-6876	20	na
ZG-6877	20	na
ZG-6878	20	na
ZG-6879	20	na
ZG-6880	20	na
ZG-6881	20	na
ZG-6882	20	na
ZG-6883	20	na
ZG-6941	20	na
ZG-6942	20	na
ZG-6943	20	na
ZG-6944	20	na
ZG-6945	20	na
ZG-6946	20	na
ZG-6947	20	na
ZG-7031	20	na
ZG-7033	20	na
ZG-7044	20	na
ZG-7045	20	na
ZG-7046	20	na
ZG-7060	20	na
ZG-7076	20	na
ZG-7077	20	na
ZG-7078	20	na
ZG-7079	20	na
ZG-7080	20	na
ZG-2795	21	na
ZG-2796	21	na
ZG-3933	21	na
ZG-3963	21	na
ZG-3965	21	na
ZG-4037	21	na
ZG-4040	21	na
ZG-4078	21	na
ZG-4097	21	na
ZG-4098	21	na
ZG-4099	21	na
ZG-4100	21	na
ZG-4104	21	na
ZG-4175	21	na
ZG-4176	21	na
ZG-4177	21	na
ZG-4178	21	na
ZG-4179	21	na
ZG-4181	21	na
ZG-4182	21	na
ZG-4183	21	na
ZG-4185	21	na
ZG-4186	21	na
ZG-4187	21	na
ZG-4189	21	na
ZG-4191	21	na
ZG-4193	21	na
ZG-4195	21	na
ZG-4196	21	na
ZG-4197	21	na
ZG-4198	21	na
ZG-4200	21	na
ZG-4201	21	na
ZG-4202	21	na
ZG-4203	21	na
ZG-4207	21	na
ZG-4208	21	na
ZG-4209	21	na
ZG-4211	21	na
ZG-4212	21	na
ZG-4213	21	na
ZG-4214	21	na
ZG-4215	21	na
ZG-4216	21	na
ZG-4219	21	na
ZG-4220	21	na
ZG-4222	21	na
ZG-4223	21	na
ZG-4226	21	na
ZG-4228	21	na
ZG-4229	21	na
ZG-4233	21	na
ZG-4234	21	na
ZG-4235	21	na
ZG-4238	21	na
ZG-4240	21	na
ZG-4241	21	na
ZG-4242	21	na
ZG-4244	21	na
ZG-4245	21	na
ZG-4246	21	na
ZG-4247	21	na
ZG-4248	21	na
ZG-4249	21	na
ZG-4251	21	na
ZG-4252	21	na
ZG-4254	21	na
ZG-4256	21	na
ZG-4257	21	na
ZG-4259	21	na
ZG-4260	21	na
ZG-4262	21	na
ZG-4264	21	na
ZG-4265	21	na
ZG-4266	21	na
ZG-4270	21	na
ZG-4271	21	na
ZG-4272	21	na
ZG-4275	21	na
ZG-4276	21	na
ZG-4277	21	na
ZG-4278	21	na
ZG-5018	21	na
ZG-5255	21	na
ZG-5256	21	na
ZG-5257	21	na
ZG-5258	21	na
ZG-5259	21	na
ZG-5260	21	na
ZG-5261	21	na
ZG-5400	21	na
ZG-5401	21	na
ZG-5402	21	na
ZG-5403	21	na
ZG-5404	21	na
ZG-5424	21	na
ZG-5425	21	na
ZG-5426	21	na
ZG-5427	21	na
ZG-5439	21	na
ZG-5440	21	na
ZG-5441	21	na
ZG-5452	21	na
ZG-5453	21	na
ZG-5455	21	na
ZG-5456	21	na
ZG-5610	21	na
ZG-5611	21	na
ZG-5612	21	na
ZG-5613	21	na
ZG-5734	21	na
ZG-6040	21	na
ZG-6275	21	na
ZG-6280	21	na
ZG-6387	21	na
ZG-6390	21	na
ZG-6560	21	na
ZG-6561	21	na
ZG-6563	21	na
ZG-6564	21	na
ZG-6565	21	na
ZG-6566	21	na
ZG-6567	21	na
ZG-6568	21	na
ZG-6569	21	na
ZG-6570	21	na
ZG-6571	21	na
ZG-6572	21	na
ZG-6573	21	na
ZG-6574	21	na
ZG-6575	21	na
ZG-6576	21	na
ZG-6628	21	na
ZG-6629	21	na
ZG-6630	21	na
ZG-6631	21	na
ZG-6632	21	na
ZG-6633	21	na
ZG-6634	21	na
ZG-6647	21	na
ZG-6664	21	na
ZG-6665	21	na
ZG-6785	21	na
ZG-6884	21	na
ZG-6885	21	na
ZG-6886	21	na
ZG-6887	21	na
ZG-6888	21	na
ZG-6889	21	na
ZG-6890	21	na
ZG-6891	21	na
ZG-6892	21	na
ZG-6893	21	na
ZG-6894	21	na
ZG-6895	21	na
ZG-6899	21	na
ZG-6900	21	na
ZG-6901	21	na
ZG-6902	21	na
ZG-6903	21	na
ZG-6948	21	na
ZG-6950	21	na
ZG-7013	21	na
ZG-7030	21	na
ZG-7035	21	na
ZG-7036	21	na
ZG-7037	21	na
ZG-2703	22	na
ZG-2704	22	na
ZG-2705	22	na
ZG-2706	22	na
ZG-2710	22	na
ZG-2732	22	na
ZG-2734	22	na
ZG-2735	22	na
ZG-2794	22	na
ZG-3283	22	na
ZG-3287	22	na
ZG-3356	22	na
ZG-3998	22	na
ZG-4145	22	na
ZG-4406	22	na
ZG-4456	22	na
ZG-4461	22	na
ZG-4465	22	na
ZG-4466	22	na
ZG-4467	22	na
ZG-4471	22	na
ZG-4473	22	na
ZG-4475	22	na
ZG-4476	22	na
ZG-4486	22	na
ZG-4493	22	na
ZG-4494	22	na
ZG-4496	22	na
ZG-4611	22	na
ZG-4615	22	na
ZG-4616	22	na
ZG-4618	22	na
ZG-4620	22	na
ZG-4622	22	na
ZG-4624	22	na
ZG-4626	22	na
ZG-4627	22	na
ZG-4630	22	na
ZG-4631	22	na
ZG-4632	22	na
ZG-4636	22	na
ZG-4637	22	na
ZG-4638	22	na
ZG-4639	22	na
ZG-4640	22	na
ZG-4641	22	na
ZG-4642	22	na
ZG-4643	22	na
ZG-4644	22	na
ZG-4701	22	na
ZG-4703	22	na
ZG-4705	22	na
ZG-4710	22	na
ZG-4718	22	na
ZG-4719	22	na
ZG-4725	22	na
ZG-4727	22	na
ZG-4729	22	na
ZG-4730	22	na
ZG-4733	22	na
ZG-4742	22	na
ZG-4802	22	na
ZG-5172	22	na
ZG-5173	22	na
ZG-5174	22	na
ZG-5175	22	na
ZG-5177	22	na
ZG-5179	22	na
ZG-5181	22	na
ZG-5182	22	na
ZG-5183	22	na
ZG-5233	22	na
ZG-5330	22	na
ZG-5331	22	na
ZG-5358	22	na
ZG-5359	22	na
ZG-5411	22	na
ZG-5412	22	na
ZG-5413	22	na
ZG-5414	22	na
ZG-5466	22	na
ZG-5487	22	na
ZG-5488	22	na
ZG-5490	22	na
ZG-5491	22	na
ZG-5492	22	na
ZG-5493	22	na
ZG-5494	22	na
ZG-5495	22	na
ZG-5500	22	na
ZG-5571	22	na
ZG-5590	22	na
ZG-5591	22	na
ZG-5592	22	na
ZG-5593	22	na
ZG-5594	22	na
ZG-5595	22	na
ZG-5596	22	na
ZG-5597	22	na
ZG-5625	22	na
ZG-5626	22	na
ZG-5627	22	na
ZG-5628	22	na
ZG-5629	22	na
ZG-5636	22	na
ZG-5637	22	na
ZG-5638	22	na
ZG-5639	22	na
ZG-5674	22	na
ZG-6116	22	na
ZG-6120	22	na
ZG-6122	22	na
ZG-6145	22	na
ZG-6146	22	na
ZG-6161	22	na
ZG-6165	22	na
ZG-6703	22	na
ZG-6704	22	na
ZG-6712	22	na
ZG-6714	22	na
ZG-6716	22	na
ZG-6718	22	na
ZG-2790	23	na
ZG-4018	23	na
ZG-4293	23	na
ZG-4294	23	na
ZG-4295	23	na
ZG-4296	23	na
ZG-4297	23	na
ZG-4298	23	na
ZG-4299	23	na
ZG-4300	23	na
ZG-4303	23	na
ZG-4304	23	na
ZG-4305	23	na
ZG-4307	23	na
ZG-4308	23	na
ZG-4311	23	na
ZG-4312	23	na
ZG-4314	23	na
ZG-4315	23	na
ZG-4316	23	na
ZG-4317	23	na
ZG-4320	23	na
ZG-4321	23	na
ZG-4322	23	na
ZG-4323	23	na
ZG-4325	23	na
ZG-4326	23	na
ZG-4327	23	na
ZG-4328	23	na
ZG-4330	23	na
ZG-4331	23	na
ZG-4334	23	na
ZG-4335	23	na
ZG-4339	23	na
ZG-4343	23	na
ZG-4345	23	na
ZG-4347	23	na
ZG-4349	23	na
ZG-4350	23	na
ZG-4353	23	na
ZG-4354	23	na
ZG-4355	23	na
ZG-4356	23	na
ZG-4359	23	na
ZG-4360	23	na
ZG-4361	23	na
ZG-4363	23	na
ZG-4364	23	na
ZG-4365	23	na
ZG-4366	23	na
ZG-4367	23	na
ZG-4368	23	na
ZG-4369	23	na
ZG-4371	23	na
ZG-4372	23	na
ZG-4376	23	na
ZG-4377	23	na
ZG-4378	23	na
ZG-4379	23	na
ZG-4387	23	na
ZG-4389	23	na
ZG-4390	23	na
ZG-4391	23	na
ZG-4395	23	na
ZG-4401	23	na
ZG-4402	23	na
ZG-4403	23	na
ZG-4404	23	na
ZG-4405	23	na
ZG-4408	23	na
ZG-5188	23	na
ZG-5189	23	na
ZG-5190	23	na
ZG-5195	23	na
ZG-5291	23	na
ZG-5292	23	na
ZG-5293	23	na
ZG-5327	23	na
ZG-5415	23	na
ZG-5417	23	na
ZG-5419	23	na
ZG-5421	23	na
ZG-5463	23	na
ZG-5598	23	na
ZG-5599	23	na
ZG-5600	23	na
ZG-5601	23	na
ZG-5602	23	na
ZG-5614	23	na
ZG-5624	23	na
ZG-5656	23	na
ZG-6185	23	na
ZG-6187	23	na
ZG-6191	23	na
ZG-6193	23	na
ZG-6194	23	na
ZG-6578	23	na
ZG-6756	23	na
ZG-6757	23	na
ZG-6758	23	na
ZG-6759	23	na
ZG-6760	23	na
ZG-6761	23	na
ZG-6763	23	na
ZG-6764	23	na
ZG-6765	23	na
ZG-6779	23	na
ZG-6780	23	na
ZG-3162	24	na
ZG-3163	24	na
ZG-3164	24	na
ZG-3165	24	na
ZG-3166	24	na
ZG-3167	24	na
ZG-3168	24	na
ZG-3169	24	na
ZG-3170	24	na
ZG-3171	24	na
ZG-3172	24	na
ZG-3174	24	na
ZG-3175	24	na
ZG-3176	24	na
ZG-3177	24	na
ZG-3178	24	na
ZG-3179	24	na
ZG-3180	24	na
ZG-3181	24	na
ZG-3182	24	na
ZG-3183	24	na
ZG-3184	24	na
ZG-3185	24	na
ZG-3186	24	na
ZG-3190	24	na
ZG-3191	24	na
ZG-3192	24	na
ZG-3193	24	na
ZG-3194	24	na
ZG-3195	24	na
ZG-3196	24	na
ZG-3200	24	na
ZG-3201	24	na
ZG-3202	24	na
ZG-3203	24	na
ZG-3204	24	na
ZG-3205	24	na
ZG-3206	24	na
ZG-3207	24	na
ZG-3208	24	na
ZG-3215	24	na
ZG-3217	24	na
ZG-3218	24	na
ZG-3219	24	na
ZG-3289	24	na
ZG-3294	24	na
ZG-3682	24	na
ZG-3683	24	na
ZG-3684	24	na
ZG-3685	24	na
ZG-3686	24	na
ZG-3687	24	na
ZG-3688	24	na
ZG-3689	24	na
ZG-3690	24	na
ZG-3691	24	na
ZG-3692	24	na
ZG-3693	24	na
ZG-3694	24	na
ZG-3695	24	na
ZG-3696	24	na
ZG-3697	24	na
ZG-3698	24	na
ZG-3699	24	na
ZG-3700	24	na
ZG-3701	24	na
ZG-3702	24	na
ZG-3703	24	na
ZG-3704	24	na
ZG-3705	24	na
ZG-3706	24	na
ZG-3707	24	na
ZG-3708	24	na
ZG-3709	24	na
ZG-3710	24	na
ZG-3711	24	na
ZG-3712	24	na
ZG-3713	24	na
ZG-3714	24	na
ZG-3715	24	na
ZG-3716	24	na
ZG-3717	24	na
ZG-3718	24	na
ZG-3719	24	na
ZG-3720	24	na
ZG-3721	24	na
ZG-3722	24	na
ZG-3723	24	na
ZG-3724	24	na
ZG-3725	24	na
ZG-3726	24	na
ZG-3727	24	na
ZG-3728	24	na
ZG-3729	24	na
ZG-4289	24	na
ZG-5016	24	na
ZG-5058	24	na
ZG-5059	24	na
ZG-5060	24	na
ZG-5061	24	na
ZG-5063	24	na
ZG-5093	24	na
ZG-5196	24	na
ZG-5200	24	na
ZG-5207	24	na
ZG-5216	24	na
ZG-5416	24	na
ZG-5502	24	na
ZG-5516	24	na
ZG-5589	24	na
ZG-5603	24	na
ZG-5604	24	na
ZG-5605	24	na
ZG-5606	24	na
ZG-5607	24	na
ZG-5608	24	na
ZG-5609	24	na
ZG-5699	24	na
ZG-5700	24	na
ZG-5727	24	na
ZG-5732	24	na
ZG-6071	24	na
ZG-6252	24	na
ZG-6256	24	na
ZG-6262	24	na
ZG-6263	24	na
ZG-6271	24	na
ZG-6272	24	na
ZG-6286	24	na
ZG-6287	24	na
ZG-6288	24	na
ZG-6289	24	na
ZG-6291	24	na
ZG-6294	24	na
ZG-6299	24	na
ZG-6302	24	na
ZG-6342	24	na
ZG-6343	24	na
ZG-6354	24	na
ZG-6356	24	na
ZG-6361	24	na
ZG-6362	24	na
ZG-6363	24	na
ZG-6364	24	na
ZG-6365	24	na
ZG-6367	24	na
ZG-6368	24	na
ZG-6369	24	na
ZG-6376	24	na
ZG-6377	24	na
ZG-6577	24	na
ZG-6579	24	na
ZG-6580	24	na
ZG-6581	24	na
ZG-6582	24	na
ZG-6583	24	na
ZG-6584	24	na
ZG-6585	24	na
ZG-6586	24	na
ZG-6587	24	na
ZG-6635	24	na
ZG-6636	24	na
ZG-6637	24	na
ZG-6904	24	na
ZG-6905	24	na
ZG-6906	24	na
ZG-6907	24	na
ZG-6908	24	na
ZG-6909	24	na
ZG-6910	24	na
ZG-6911	24	na
ZG-6952	24	na
ZG-6953	24	na
ZG-6954	24	na
ZG-6955	24	na
ZG-6975	24	na
ZG-6976	24	na
ZG-7110	24	na
ZG-2702	25	na
ZG-2711	25	na
ZG-2746	25	na
ZG-3988	25	na
ZG-3989	25	na
ZG-4004	25	na
ZG-4067	25	na
ZG-4079	25	na
ZG-4440	25	na
ZG-4441	25	na
ZG-4443	25	na
ZG-4444	25	na
ZG-4448	25	na
ZG-4451	25	na
ZG-4452	25	na
ZG-4453	25	na
ZG-4457	25	na
ZG-4459	25	na
ZG-4462	25	na
ZG-4463	25	na
ZG-4464	25	na
ZG-4468	25	na
ZG-4469	25	na
ZG-4470	25	na
ZG-4478	25	na
ZG-4479	25	na
ZG-4488	25	na
ZG-4489	25	na
ZG-4490	25	na
ZG-4491	25	na
ZG-4492	25	na
ZG-4499	25	na
ZG-4500	25	na
ZG-4501	25	na
ZG-4504	25	na
ZG-4505	25	na
ZG-4508	25	na
ZG-4509	25	na
ZG-4513	25	na
ZG-4514	25	na
ZG-4530	25	na
ZG-4531	25	na
ZG-4532	25	na
ZG-4533	25	na
ZG-4535	25	na
ZG-4536	25	na
ZG-4538	25	na
ZG-4539	25	na
ZG-4541	25	na
ZG-4542	25	na
ZG-4543	25	na
ZG-4583	25	na
ZG-4584	25	na
ZG-4585	25	na
ZG-4586	25	na
ZG-4587	25	na
ZG-4588	25	na
ZG-4590	25	na
ZG-4592	25	na
ZG-4593	25	na
ZG-4594	25	na
ZG-4599	25	na
ZG-4600	25	na
ZG-4601	25	na
ZG-4602	25	na
ZG-4603	25	na
ZG-4605	25	na
ZG-4606	25	na
ZG-4608	25	na
ZG-4609	25	na
ZG-4610	25	na
ZG-4612	25	na
ZG-4613	25	na
ZG-4614	25	na
ZG-4617	25	na
ZG-4619	25	na
ZG-4621	25	na
ZG-4623	25	na
ZG-5128	25	na
ZG-5129	25	na
ZG-5217	25	na
ZG-5218	25	na
ZG-5219	25	na
ZG-5220	25	na
ZG-5221	25	na
ZG-5334	25	na
ZG-5449	25	na
ZG-5496	25	na
ZG-5505	25	na
ZG-5506	25	na
ZG-5507	25	na
ZG-6092	25	na
ZG-6097	25	na
ZG-6098	25	na
ZG-6099	25	na
ZG-6102	25	na
ZG-6104	25	na
ZG-6107	25	na
ZG-6108	25	na
ZG-6134	25	na
ZG-6135	25	na
ZG-6136	25	na
ZG-6138	25	na
ZG-6139	25	na
ZG-6140	25	na
ZG-6148	25	na
ZG-6149	25	na
ZG-6150	25	na
ZG-6151	25	na
ZG-6152	25	na
ZG-6153	25	na
ZG-6154	25	na
ZG-6155	25	na
ZG-6156	25	na
ZG-6159	25	na
ZG-6229	25	na
ZG-6230	25	na
ZG-6236	25	na
ZG-6237	25	na
ZG-6398	25	na
ZG-6399	25	na
ZG-6401	25	na
ZG-6402	25	na
ZG-6403	25	na
ZG-6405	25	na
ZG-6408	25	na
ZG-6410	25	na
ZG-6411	25	na
ZG-6412	25	na
ZG-6425	25	na
ZG-6483	25	na
ZG-6492	25	na
ZG-6499	25	na
ZG-6500	25	na
ZG-6653	25	na
ZG-6781	25	na
ZG-6784	25	na
ZG-6988	25	na
ZG-6993	25	na
ZG-6994	25	na
ZG-7055	25	na
ZG-7111	25	na
ZG-2717	2	na
ZG-2738	2	na
ZG-2740	2	na
ZG-2748	2	na
ZG-2775	2	na
ZG-2776	2	na
ZG-2777	2	na
ZG-2778	2	na
ZG-2779	2	na
ZG-2780	2	na
ZG-2781	2	na
ZG-2782	2	na
ZG-2783	2	na
ZG-2784	2	na
ZG-2785	2	na
ZG-2786	2	na
ZG-2787	2	na
ZG-2799	2	na
ZG-2800	2	na
ZG-2801	2	na
ZG-2802	2	na
ZG-2803	2	na
ZG-2804	2	na
ZG-2805	2	na
ZG-2806	2	na
ZG-2807	2	na
ZG-2808	2	na
ZG-2809	2	na
ZG-2810	2	na
ZG-2811	2	na
ZG-2812	2	na
ZG-2813	2	na
ZG-2814	2	na
ZG-2815	2	na
ZG-2816	2	na
ZG-2817	2	na
ZG-2818	2	na
ZG-2819	2	na
ZG-2820	2	na
ZG-2821	2	na
ZG-2822	2	na
ZG-2823	2	na
ZG-2824	2	na
ZG-2825	2	na
ZG-2826	2	na
ZG-2827	2	na
ZG-2828	2	na
ZG-2829	2	na
ZG-2830	2	na
ZG-2831	2	na
ZG-2832	2	na
ZG-2833	2	na
ZG-2834	2	na
ZG-2835	2	na
ZG-2836	2	na
ZG-2837	2	na
ZG-2838	2	na
ZG-2839	2	na
ZG-2840	2	na
ZG-2841	2	na
ZG-2842	2	na
ZG-2877	2	na
ZG-2893	2	na
ZG-2894	2	na
ZG-2896	2	na
ZG-2906	2	na
ZG-2907	2	na
ZG-2908	2	na
ZG-2909	2	na
ZG-3133	2	na
ZG-3134	2	na
ZG-3135	2	na
ZG-3241	2	na
ZG-3242	2	na
ZG-3244	2	na
ZG-3246	2	na
ZG-3247	2	na
ZG-3248	2	na
ZG-3249	2	na
ZG-3250	2	na
ZG-3251	2	na
ZG-3252	2	na
ZG-3253	2	na
ZG-3255	2	na
ZG-3256	2	na
ZG-3257	2	na
ZG-3258	2	na
ZG-3259	2	na
ZG-3260	2	na
ZG-3261	2	na
ZG-3262	2	na
ZG-3263	2	na
ZG-3264	2	na
ZG-34	2	na
ZG-3426	2	na
ZG-3427	2	na
ZG-3428	2	na
ZG-3429	2	na
ZG-3430	2	na
ZG-3431	2	na
ZG-3432	2	na
ZG-3433	2	na
ZG-3434	2	na
ZG-3435	2	na
ZG-3436	2	na
ZG-3437	2	na
ZG-3438	2	na
ZG-3439	2	na
ZG-3440	2	na
ZG-3441	2	na
ZG-3442	2	na
ZG-3443	2	na
ZG-3444	2	na
ZG-3445	2	na
ZG-3446	2	na
ZG-3447	2	na
ZG-3448	2	na
ZG-3449	2	na
ZG-3450	2	na
ZG-3451	2	na
ZG-3452	2	na
ZG-3453	2	na
ZG-3454	2	na
ZG-3455	2	na
ZG-3456	2	na
ZG-3457	2	na
ZG-3458	2	na
ZG-3459	2	na
ZG-3460	2	na
ZG-3461	2	na
ZG-3462	2	na
ZG-3463	2	na
ZG-3464	2	na
ZG-3465	2	na
ZG-3466	2	na
ZG-3467	2	na
ZG-3468	2	na
ZG-3469	2	na
ZG-3470	2	na
ZG-3471	2	na
ZG-3472	2	na
ZG-3473	2	na
ZG-3474	2	na
ZG-3475	2	na
ZG-3476	2	na
ZG-3477	2	na
ZG-3478	2	na
ZG-3479	2	na
ZG-3480	2	na
ZG-3481	2	na
ZG-3482	2	na
ZG-3483	2	na
ZG-3484	2	na
ZG-3485	2	na
ZG-3486	2	na
ZG-3487	2	na
ZG-3488	2	na
ZG-3489	2	na
ZG-3490	2	na
ZG-3491	2	na
ZG-3492	2	na
ZG-3493	2	na
ZG-3494	2	na
ZG-3495	2	na
ZG-3496	2	na
ZG-3497	2	na
ZG-3498	2	na
ZG-3499	2	na
ZG-3500	2	na
ZG-3501	2	na
ZG-3502	2	na
ZG-3503	2	na
ZG-3504	2	na
ZG-3505	2	na
ZG-3506	2	na
ZG-3507	2	na
ZG-3508	2	na
ZG-3509	2	na
ZG-3510	2	na
ZG-3511	2	na
ZG-3512	2	na
ZG-3513	2	na
ZG-3514	2	na
ZG-3515	2	na
ZG-3516	2	na
ZG-3517	2	na
ZG-3518	2	na
ZG-3519	2	na
ZG-3964	2	na
ZG-3975	2	na
ZG-3987	2	na
ZG-4006	2	na
ZG-4017	2	na
ZG-4055	2	na
ZG-4106	2	na
ZG-4118	2	na
ZG-4131	2	na
ZG-4419	2	na
ZG-4426	2	na
ZG-4963	2	na
ZG-4981	2	na
ZG-4983	2	na
ZG-4984	2	na
ZG-5021	2	na
ZG-5022	2	na
ZG-5023	2	na
ZG-5024	2	na
ZG-5025	2	na
ZG-5026	2	na
ZG-5027	2	na
ZG-5028	2	na
ZG-5031	2	na
ZG-5032	2	na
ZG-5035	2	na
ZG-5045	2	na
ZG-5049	2	na
ZG-5054	2	na
ZG-5055	2	na
ZG-5056	2	na
ZG-5223	2	na
ZG-5228	2	na
ZG-5297	2	na
ZG-5320	2	na
ZG-5386	2	na
ZG-5387	2	na
ZG-5389	2	na
ZG-5390	2	na
ZG-5391	2	na
ZG-5392	2	na
ZG-5393	2	na
ZG-5394	2	na
ZG-5395	2	na
ZG-5396	2	na
ZG-5397	2	na
ZG-5398	2	na
ZG-5399	2	na
ZG-5450	2	na
ZG-5451	2	na
ZG-5454	2	na
ZG-5459	2	na
ZG-5562	2	na
ZG-5563	2	na
ZG-5735	2	na
ZG-5748	2	na
ZG-5751	2	na
ZG-5755	2	na
ZG-5764	2	na
ZG-5765	2	na
ZG-5766	2	na
ZG-5767	2	na
ZG-5769	2	na
ZG-5772	2	na
ZG-5773	2	na
ZG-5778	2	na
ZG-5780	2	na
ZG-5788	2	na
ZG-5790	2	na
ZG-5796	2	na
ZG-5803	2	na
ZG-5809	2	na
ZG-5856	2	na
ZG-5858	2	na
ZG-5862	2	na
ZG-5865	2	na
ZG-6028	2	na
ZG-6247	2	na
ZG-6249	2	na
ZG-6254	2	na
ZG-6255	2	na
ZG-6270	2	na
ZG-6396	2	na
ZG-6397	2	na
ZG-6645	2	na
ZG-6646	2	na
ZG-6996	2	na
ZG-6997	2	na
ZG-6998	2	na
ZG-6999	2	na
ZG-7000	2	na
ZG-7005	2	na
ZG-7006	2	na
ZG-7009	2	na
ZG-7010	2	na
ZG-7011	2	na
ZG-7012	2	na
ZG-7014	2	na
ZG-7015	2	na
ZG-7016	2	na
ZG-7017	2	na
ZG-7022	2	na
ZG-7023	2	na
ZG-7027	2	na
ZG-7041	2	na
ZG-7042	2	na
ZG-7043	2	na
ZG-7064	2	na
ZG-7065	2	na
ZG-7121	2	na
ZG-2712	3	na
ZG-2713	3	na
ZG-2715	3	na
ZG-2716	3	na
ZG-2736	3	na
ZG-2741	3	na
ZG-2742	3	na
ZG-2754	3	na
ZG-2755	3	na
ZG-2756	3	na
ZG-2757	3	na
ZG-2871	3	na
ZG-2872	3	na
ZG-2876	3	na
ZG-2878	3	na
ZG-2881	3	na
ZG-2882	3	na
ZG-2883	3	na
ZG-2884	3	na
ZG-2885	3	na
ZG-2890	3	na
ZG-3173	3	na
ZG-3297	3	na
ZG-3298	3	na
ZG-3814	3	na
ZG-3972	3	na
ZG-3981	3	na
ZG-3983	3	na
ZG-3984	3	na
ZG-3985	3	na
ZG-3986	3	na
ZG-4003	3	na
ZG-4019	3	na
ZG-4087	3	na
ZG-4088	3	na
ZG-4607	3	na
ZG-4737	3	na
ZG-4740	3	na
ZG-4745	3	na
ZG-4748	3	na
ZG-4749	3	na
ZG-4753	3	na
ZG-4754	3	na
ZG-4756	3	na
ZG-4791	3	na
ZG-4803	3	na
ZG-4804	3	na
ZG-4806	3	na
ZG-4808	3	na
ZG-4809	3	na
ZG-4810	3	na
ZG-4811	3	na
ZG-4812	3	na
ZG-4813	3	na
ZG-4815	3	na
ZG-4827	3	na
ZG-4828	3	na
ZG-4829	3	na
ZG-4830	3	na
ZG-4831	3	na
ZG-4832	3	na
ZG-4836	3	na
ZG-4845	3	na
ZG-4849	3	na
ZG-4850	3	na
ZG-4851	3	na
ZG-4852	3	na
ZG-4853	3	na
ZG-4854	3	na
ZG-4909	3	na
ZG-4910	3	na
ZG-4912	3	na
ZG-4913	3	na
ZG-4914	3	na
ZG-4961	3	na
ZG-4964	3	na
ZG-4965	3	na
ZG-4966	3	na
ZG-4967	3	na
ZG-4968	3	na
ZG-4969	3	na
ZG-4970	3	na
ZG-4971	3	na
ZG-4972	3	na
ZG-4973	3	na
ZG-4974	3	na
ZG-4977	3	na
ZG-4999	3	na
ZG-5020	3	na
ZG-5065	3	na
ZG-5066	3	na
ZG-5067	3	na
ZG-5068	3	na
ZG-5069	3	na
ZG-5070	3	na
ZG-5071	3	na
ZG-5072	3	na
ZG-5094	3	na
ZG-5098	3	na
ZG-5099	3	na
ZG-5100	3	na
ZG-5101	3	na
ZG-5102	3	na
ZG-5103	3	na
ZG-5104	3	na
ZG-5105	3	na
ZG-5106	3	na
ZG-5107	3	na
ZG-5108	3	na
ZG-5191	3	na
ZG-5192	3	na
ZG-5286	3	na
ZG-5287	3	na
ZG-5436	3	na
ZG-5437	3	na
ZG-5448	3	na
ZG-5526	3	na
ZG-5527	3	na
ZG-5528	3	na
ZG-5529	3	na
ZG-5530	3	na
ZG-5531	3	na
ZG-5568	3	na
ZG-5569	3	na
ZG-5570	3	na
ZG-5574	3	na
ZG-5576	3	na
ZG-5578	3	na
ZG-5579	3	na
ZG-5587	3	na
ZG-5640	3	na
ZG-5653	3	na
ZG-5654	3	na
ZG-5655	3	na
ZG-5657	3	na
ZG-5658	3	na
ZG-5659	3	na
ZG-5661	3	na
ZG-5662	3	na
ZG-5663	3	na
ZG-5671	3	na
ZG-5672	3	na
ZG-5673	3	na
ZG-5687	3	na
ZG-5688	3	na
ZG-5698	3	na
ZG-5768	3	na
ZG-6157	3	na
ZG-6250	3	na
ZG-6253	3	na
ZG-6257	3	na
ZG-6258	3	na
ZG-6264	3	na
ZG-6266	3	na
ZG-6277	3	na
ZG-6285	3	na
ZG-6304	3	na
ZG-6312	3	na
ZG-6313	3	na
ZG-6314	3	na
ZG-6321	3	na
ZG-6323	3	na
ZG-6327	3	na
ZG-6329	3	na
ZG-6332	3	na
ZG-6336	3	na
ZG-6348	3	na
ZG-6351	3	na
ZG-6352	3	na
ZG-6355	3	na
ZG-6360	3	na
ZG-6370	3	na
ZG-6372	3	na
ZG-6380	3	na
ZG-6383	3	na
ZG-6384	3	na
ZG-6385	3	na
ZG-6596	3	na
ZG-6597	3	na
ZG-6598	3	na
ZG-6599	3	na
ZG-6600	3	na
ZG-6601	3	na
ZG-6602	3	na
ZG-6603	3	na
ZG-6604	3	na
ZG-6605	3	na
ZG-6606	3	na
ZG-6607	3	na
ZG-6608	3	na
ZG-6609	3	na
ZG-6610	3	na
ZG-6611	3	na
ZG-6612	3	na
ZG-6613	3	na
ZG-6795	3	na
ZG-6796	3	na
ZG-6798	3	na
ZG-6799	3	na
ZG-6801	3	na
ZG-6802	3	na
ZG-6803	3	na
ZG-6804	3	na
ZG-6815	3	na
ZG-6816	3	na
ZG-6817	3	na
ZG-6820	3	na
ZG-6821	3	na
ZG-6824	3	na
ZG-6825	3	na
ZG-6826	3	na
ZG-6827	3	na
ZG-6828	3	na
ZG-6829	3	na
ZG-6831	3	na
ZG-6832	3	na
ZG-6833	3	na
ZG-6834	3	na
ZG-6835	3	na
ZG-6836	3	na
ZG-6837	3	na
ZG-6838	3	na
ZG-6912	3	na
ZG-6913	3	na
ZG-6914	3	na
ZG-6915	3	na
ZG-6916	3	na
ZG-6917	3	na
ZG-6918	3	na
ZG-6919	3	na
ZG-6920	3	na
ZG-6921	3	na
ZG-6922	3	na
ZG-6923	3	na
ZG-6924	3	na
ZG-6925	3	na
ZG-6926	3	na
ZG-6927	3	na
ZG-7001	3	na
ZG-7071	3	na
ZG-7074	3	na
ZG-7086	3	na
ZG-7089	3	na
ZG-7090	3	na
ZG-7091	3	na
ZG-7092	3	na
ZG-7093	3	na
ZG-7094	3	na
ZG-7095	3	na
ZG-2739	4	na
ZG-2743	4	na
ZG-2744	4	na
ZG-2854	4	na
ZG-3306	4	na
ZG-3362	4	na
ZG-3934	4	na
ZG-3935	4	na
ZG-3936	4	na
ZG-3937	4	na
ZG-3938	4	na
ZG-3939	4	na
ZG-3940	4	na
ZG-3941	4	na
ZG-3942	4	na
ZG-3943	4	na
ZG-3944	4	na
ZG-3945	4	na
ZG-3946	4	na
ZG-3947	4	na
ZG-3948	4	na
ZG-3949	4	na
ZG-3950	4	na
ZG-3951	4	na
ZG-3952	4	na
ZG-3953	4	na
ZG-3954	4	na
ZG-3955	4	na
ZG-3956	4	na
ZG-3957	4	na
ZG-3958	4	na
ZG-3959	4	na
ZG-3960	4	na
ZG-3961	4	na
ZG-3962	4	na
ZG-3966	4	na
ZG-3967	4	na
ZG-3973	4	na
ZG-3980	4	na
ZG-3982	4	na
ZG-3991	4	na
ZG-4012	4	na
ZG-4026	4	na
ZG-4027	4	na
ZG-4044	4	na
ZG-4045	4	na
ZG-4046	4	na
ZG-4052	4	na
ZG-4054	4	na
ZG-4059	4	na
ZG-4060	4	na
ZG-4069	4	na
ZG-4081	4	na
ZG-4086	4	na
ZG-4089	4	na
ZG-4115	4	na
ZG-4116	4	na
ZG-4117	4	na
ZG-4119	4	na
ZG-4120	4	na
ZG-4121	4	na
ZG-4439	4	na
ZG-5194	4	na
ZG-5232	4	na
ZG-5296	4	na
ZG-5300	4	na
ZG-5301	4	na
ZG-5302	4	na
ZG-5303	4	na
ZG-5304	4	na
ZG-5305	4	na
ZG-5306	4	na
ZG-5307	4	na
ZG-5317	4	na
ZG-5318	4	na
ZG-5319	4	na
ZG-5332	4	na
ZG-5423	4	na
ZG-5588	4	na
ZG-5665	4	na
ZG-5666	4	na
ZG-6158	4	na
ZG-6160	4	na
ZG-6162	4	na
ZG-6163	4	na
ZG-6167	4	na
ZG-6168	4	na
ZG-6169	4	na
ZG-6170	4	na
ZG-6171	4	na
ZG-6176	4	na
ZG-6196	4	na
ZG-6197	4	na
ZG-6198	4	na
ZG-6199	4	na
ZG-6200	4	na
ZG-6204	4	na
ZG-6214	4	na
ZG-6217	4	na
ZG-6222	4	na
ZG-6224	4	na
ZG-6648	4	na
ZG-6652	4	na
ZG-6680	4	na
ZG-6682	4	na
ZG-6683	4	na
ZG-7066	4	na
ZG-2719	5	na
ZG-2750	5	na
ZG-2751	5	na
ZG-2753	5	na
ZG-2761	5	na
ZG-2763	5	na
ZG-2850	5	na
ZG-2852	5	na
ZG-2853	5	na
ZG-2858	5	na
ZG-2859	5	na
ZG-2860	5	na
ZG-2861	5	na
ZG-2862	5	na
ZG-2863	5	na
ZG-2864	5	na
ZG-2865	5	na
ZG-2866	5	na
ZG-2867	5	na
ZG-2868	5	na
ZG-2869	5	na
ZG-2870	5	na
ZG-3037	5	na
ZG-3038	5	na
ZG-3199	5	na
ZG-3267	5	na
ZG-3282	5	na
ZG-3290	5	na
ZG-3291	5	na
ZG-3296	5	na
ZG-3329	5	na
ZG-3330	5	na
ZG-3331	5	na
ZG-3332	5	na
ZG-3333	5	na
ZG-3334	5	na
ZG-3335	5	na
ZG-3336	5	na
ZG-3337	5	na
ZG-3338	5	na
ZG-3357	5	na
ZG-3358	5	na
ZG-3359	5	na
ZG-3361	5	na
ZG-3733	5	na
ZG-3734	5	na
ZG-3735	5	na
ZG-3736	5	na
ZG-3737	5	na
ZG-3738	5	na
ZG-3739	5	na
ZG-3740	5	na
ZG-3741	5	na
ZG-3931	5	na
ZG-3969	5	na
ZG-3970	5	na
ZG-4023	5	na
ZG-4024	5	na
ZG-4032	5	na
ZG-4033	5	na
ZG-4103	5	na
ZG-4127	5	na
ZG-4133	5	na
ZG-4139	5	na
ZG-4140	5	na
ZG-4141	5	na
ZG-4144	5	na
ZG-4146	5	na
ZG-4149	5	na
ZG-4164	5	na
ZG-4168	5	na
ZG-4172	5	na
ZG-4291	5	na
ZG-4358	5	na
ZG-4362	5	na
ZG-4385	5	na
ZG-4454	5	na
ZG-4765	5	na
ZG-4801	5	na
ZG-4805	5	na
ZG-4807	5	na
ZG-4846	5	na
ZG-4922	5	na
ZG-4962	5	na
ZG-5079	5	na
ZG-5142	5	na
ZG-5143	5	na
ZG-5144	5	na
ZG-5145	5	na
ZG-5146	5	na
ZG-5147	5	na
ZG-5148	5	na
ZG-5149	5	na
ZG-5150	5	na
ZG-5151	5	na
ZG-5152	5	na
ZG-5153	5	na
ZG-5154	5	na
ZG-5156	5	na
ZG-5157	5	na
ZG-5158	5	na
ZG-5160	5	na
ZG-5161	5	na
ZG-5162	5	na
ZG-5163	5	na
ZG-5164	5	na
ZG-5165	5	na
ZG-5166	5	na
ZG-5167	5	na
ZG-5168	5	na
ZG-5169	5	na
ZG-5170	5	na
ZG-5171	5	na
ZG-5197	5	na
ZG-5198	5	na
ZG-5222	5	na
ZG-5294	5	na
ZG-5295	5	na
ZG-5308	5	na
ZG-5309	5	na
ZG-5310	5	na
ZG-5321	5	na
ZG-5322	5	na
ZG-5323	5	na
ZG-5324	5	na
ZG-5325	5	na
ZG-5326	5	na
ZG-5328	5	na
ZG-5329	5	na
ZG-5377	5	na
ZG-5408	5	na
ZG-5410	5	na
ZG-5477	5	na
ZG-5478	5	na
ZG-5508	5	na
ZG-5511	5	na
ZG-5512	5	na
ZG-5513	5	na
ZG-5514	5	na
ZG-5515	5	na
ZG-5517	5	na
ZG-5518	5	na
ZG-5519	5	na
ZG-5520	5	na
ZG-5521	5	na
ZG-5522	5	na
ZG-5523	5	na
ZG-5524	5	na
ZG-5538	5	na
ZG-5539	5	na
ZG-5540	5	na
ZG-5541	5	na
ZG-5542	5	na
ZG-5543	5	na
ZG-5552	5	na
ZG-5553	5	na
ZG-5554	5	na
ZG-5555	5	na
ZG-5556	5	na
ZG-5557	5	na
ZG-5558	5	na
ZG-5559	5	na
ZG-5560	5	na
ZG-5564	5	na
ZG-5565	5	na
ZG-5615	5	na
ZG-5616	5	na
ZG-5619	5	na
ZG-5620	5	na
ZG-5621	5	na
ZG-5622	5	na
ZG-5630	5	na
ZG-5631	5	na
ZG-5632	5	na
ZG-5634	5	na
ZG-5635	5	na
ZG-5649	5	na
ZG-5678	5	na
ZG-5679	5	na
ZG-5680	5	na
ZG-5681	5	na
ZG-5682	5	na
ZG-5683	5	na
ZG-5684	5	na
ZG-5685	5	na
ZG-5686	5	na
ZG-5720	5	na
ZG-5721	5	na
ZG-5724	5	na
ZG-5726	5	na
ZG-5728	5	na
ZG-5729	5	na
ZG-5771	5	na
ZG-5781	5	na
ZG-5783	5	na
ZG-5785	5	na
ZG-5787	5	na
ZG-5789	5	na
ZG-5792	5	na
ZG-5795	5	na
ZG-5801	5	na
ZG-5816	5	na
ZG-5817	5	na
ZG-5819	5	na
ZG-5820	5	na
ZG-6095	5	na
ZG-6195	5	na
ZG-6649	5	na
ZG-6681	5	na
ZG-6684	5	na
ZG-6685	5	na
ZG-6687	5	na
ZG-6688	5	na
ZG-7021	5	na
ZG-7039	5	na
ZG-7040	5	na
ZG-7113	5	na
ZG-7114	5	na
ZG-2764	6	na
ZG-3997	6	na
ZG-3999	6	na
ZG-4014	6	na
ZG-4063	6	na
ZG-4065	6	na
ZG-4068	6	na
ZG-4071	6	na
ZG-4076	6	na
ZG-4077	6	na
ZG-4096	6	na
ZG-4132	6	na
ZG-4134	6	na
ZG-4135	6	na
ZG-4162	6	na
ZG-4163	6	na
ZG-4171	6	na
ZG-4173	6	na
ZG-4188	6	na
ZG-4190	6	na
ZG-4225	6	na
ZG-4230	6	na
ZG-4236	6	na
ZG-4237	6	na
ZG-4239	6	na
ZG-4243	6	na
ZG-4288	6	na
ZG-4290	6	na
ZG-4689	6	na
ZG-4744	6	na
ZG-4746	6	na
ZG-4750	6	na
ZG-4758	6	na
ZG-4761	6	na
ZG-4766	6	na
ZG-4773	6	na
ZG-4774	6	na
ZG-4787	6	na
ZG-4790	6	na
ZG-4793	6	na
ZG-4795	6	na
ZG-4796	6	na
ZG-4798	6	na
ZG-4799	6	na
ZG-4800	6	na
ZG-4814	6	na
ZG-4816	6	na
ZG-4817	6	na
ZG-4818	6	na
ZG-4819	6	na
ZG-4820	6	na
ZG-4821	6	na
ZG-4834	6	na
ZG-4835	6	na
ZG-4837	6	na
ZG-4838	6	na
ZG-4839	6	na
ZG-4840	6	na
ZG-4841	6	na
ZG-4842	6	na
ZG-4843	6	na
ZG-4844	6	na
ZG-4899	6	na
ZG-4941	6	na
ZG-4942	6	na
ZG-4943	6	na
ZG-4944	6	na
ZG-4945	6	na
ZG-4947	6	na
ZG-4948	6	na
ZG-4949	6	na
ZG-4950	6	na
ZG-4952	6	na
ZG-4953	6	na
ZG-4954	6	na
ZG-4955	6	na
ZG-4956	6	na
ZG-4957	6	na
ZG-4958	6	na
ZG-4959	6	na
ZG-4960	6	na
ZG-4975	6	na
ZG-4976	6	na
ZG-4978	6	na
ZG-4979	6	na
ZG-4980	6	na
ZG-4982	6	na
ZG-4985	6	na
ZG-4986	6	na
ZG-4987	6	na
ZG-4988	6	na
ZG-4989	6	na
ZG-4990	6	na
ZG-4991	6	na
ZG-4992	6	na
ZG-4993	6	na
ZG-4994	6	na
ZG-4995	6	na
ZG-4996	6	na
ZG-4997	6	na
ZG-4998	6	na
ZG-5119	6	na
ZG-5124	6	na
ZG-5178	6	na
ZG-5180	6	na
ZG-5184	6	na
ZG-5185	6	na
ZG-5186	6	na
ZG-5187	6	na
ZG-5193	6	na
ZG-5199	6	na
ZG-5237	6	na
ZG-5298	6	na
ZG-5299	6	na
ZG-5311	6	na
ZG-5312	6	na
ZG-5313	6	na
ZG-5510	6	na
ZG-5618	6	na
ZG-5675	6	na
ZG-5676	6	na
ZG-5709	6	na
ZG-6131	6	na
ZG-6132	6	na
ZG-6133	6	na
ZG-6137	6	na
ZG-6141	6	na
ZG-6142	6	na
ZG-6144	6	na
ZG-6147	6	na
ZG-6164	6	na
ZG-6166	6	na
ZG-6172	6	na
ZG-6173	6	na
ZG-6174	6	na
ZG-6175	6	na
ZG-6177	6	na
ZG-6178	6	na
ZG-6179	6	na
ZG-6180	6	na
ZG-6181	6	na
ZG-6182	6	na
ZG-6183	6	na
ZG-6184	6	na
ZG-6186	6	na
ZG-6188	6	na
ZG-6189	6	na
ZG-6190	6	na
ZG-6192	6	na
ZG-6201	6	na
ZG-6202	6	na
ZG-6203	6	na
ZG-6205	6	na
ZG-6206	6	na
ZG-6207	6	na
ZG-6208	6	na
ZG-6209	6	na
ZG-6210	6	na
ZG-6211	6	na
ZG-6212	6	na
ZG-6213	6	na
ZG-6215	6	na
ZG-6216	6	na
ZG-6218	6	na
ZG-6219	6	na
ZG-6220	6	na
ZG-6221	6	na
ZG-6223	6	na
ZG-6226	6	na
ZG-6227	6	na
ZG-6443	6	na
ZG-6445	6	na
ZG-6446	6	na
ZG-6638	6	na
ZG-6639	6	na
ZG-6640	6	na
ZG-6641	6	na
ZG-6642	6	na
ZG-6643	6	na
ZG-6671	6	na
ZG-6672	6	na
ZG-6674	6	na
ZG-6675	6	na
ZG-6676	6	na
ZG-6686	6	na
ZG-6695	6	na
ZG-6696	6	na
ZG-6698	6	na
ZG-6702	6	na
ZG-6711	6	na
ZG-6786	6	na
ZG-6813	6	na
ZG-6818	6	na
ZG-6819	6	na
ZG-6822	6	na
ZG-6823	6	na
ZG-6830	6	na
ZG-6949	6	na
ZG-6951	6	na
ZG-6956	6	na
ZG-6957	6	na
ZG-6958	6	na
ZG-6959	6	na
ZG-6960	6	na
ZG-6961	6	na
ZG-6962	6	na
ZG-6963	6	na
ZG-6964	6	na
ZG-6965	6	na
ZG-6966	6	na
ZG-6967	6	na
ZG-7034	6	na
ZG-7047	6	na
ZG-7048	6	na
ZG-7049	6	na
ZG-7050	6	na
ZG-7051	6	na
ZG-7052	6	na
ZG-7053	6	na
ZG-7054	6	na
ZG-7104	6	na
ZG-2722	7	na
ZG-2771	7	na
ZG-2793	7	na
ZG-3274	7	na
ZG-3284	7	na
ZG-3285	7	na
ZG-3339	7	na
ZG-3976	7	na
ZG-3979	7	na
ZG-4085	7	na
ZG-4091	7	na
ZG-4108	7	na
ZG-4111	7	na
ZG-4112	7	na
ZG-4122	7	na
ZG-4123	7	na
ZG-4124	7	na
ZG-4125	7	na
ZG-4126	7	na
ZG-4128	7	na
ZG-4129	7	na
ZG-4130	7	na
ZG-4136	7	na
ZG-4137	7	na
ZG-4138	7	na
ZG-4142	7	na
ZG-4143	7	na
ZG-4147	7	na
ZG-4148	7	na
ZG-4150	7	na
ZG-4151	7	na
ZG-4152	7	na
ZG-4153	7	na
ZG-4158	7	na
ZG-4159	7	na
ZG-4160	7	na
ZG-4161	7	na
ZG-4165	7	na
ZG-4166	7	na
ZG-4167	7	na
ZG-4169	7	na
ZG-4170	7	na
ZG-4174	7	na
ZG-4180	7	na
ZG-4184	7	na
ZG-4192	7	na
ZG-4194	7	na
ZG-4199	7	na
ZG-4204	7	na
ZG-4205	7	na
ZG-4206	7	na
ZG-4210	7	na
ZG-4217	7	na
ZG-4218	7	na
ZG-4221	7	na
ZG-4224	7	na
ZG-4227	7	na
ZG-4231	7	na
ZG-4232	7	na
ZG-4250	7	na
ZG-4253	7	na
ZG-4255	7	na
ZG-4258	7	na
ZG-4261	7	na
ZG-4263	7	na
ZG-4267	7	na
ZG-4268	7	na
ZG-4269	7	na
ZG-4273	7	na
ZG-4274	7	na
ZG-4279	7	na
ZG-4280	7	na
ZG-4281	7	na
ZG-4282	7	na
ZG-4283	7	na
ZG-4284	7	na
ZG-4286	7	na
ZG-4302	7	na
ZG-4306	7	na
ZG-4309	7	na
ZG-4310	7	na
ZG-4313	7	na
ZG-4318	7	na
ZG-4319	7	na
ZG-4324	7	na
ZG-4329	7	na
ZG-4332	7	na
ZG-4333	7	na
ZG-4336	7	na
ZG-4337	7	na
ZG-4338	7	na
ZG-4340	7	na
ZG-4341	7	na
ZG-4342	7	na
ZG-4344	7	na
ZG-4346	7	na
ZG-4348	7	na
ZG-4351	7	na
ZG-4352	7	na
ZG-5201	7	na
ZG-5202	7	na
ZG-5203	7	na
ZG-5204	7	na
ZG-5205	7	na
ZG-5206	7	na
ZG-5208	7	na
ZG-5209	7	na
ZG-5210	7	na
ZG-5211	7	na
ZG-5212	7	na
ZG-5213	7	na
ZG-5314	7	na
ZG-5315	7	na
ZG-5420	7	na
ZG-5432	7	na
ZG-5473	7	na
ZG-5474	7	na
ZG-5475	7	na
ZG-5584	7	na
ZG-5585	7	na
ZG-5586	7	na
ZG-5652	7	na
ZG-5713	7	na
ZG-5715	7	na
ZG-5716	7	na
ZG-5717	7	na
ZG-5731	7	na
ZG-5738	7	na
ZG-5742	7	na
ZG-5743	7	na
ZG-5744	7	na
ZG-5746	7	na
ZG-5770	7	na
ZG-5774	7	na
ZG-5777	7	na
ZG-5782	7	na
ZG-5784	7	na
ZG-5786	7	na
ZG-5852	7	na
ZG-5929	7	na
ZG-6228	7	na
ZG-6231	7	na
ZG-6234	7	na
ZG-6238	7	na
ZG-6240	7	na
ZG-6242	7	na
ZG-6243	7	na
ZG-6244	7	na
ZG-6248	7	na
ZG-6315	7	na
ZG-6316	7	na
ZG-6318	7	na
ZG-6319	7	na
ZG-6324	7	na
ZG-6325	7	na
ZG-6328	7	na
ZG-6330	7	na
ZG-6331	7	na
ZG-6334	7	na
ZG-6335	7	na
ZG-6337	7	na
ZG-6341	7	na
ZG-6345	7	na
ZG-6350	7	na
ZG-6353	7	na
ZG-6373	7	na
ZG-6375	7	na
ZG-6378	7	na
ZG-6379	7	na
ZG-6381	7	na
ZG-6382	7	na
ZG-6391	7	na
ZG-6392	7	na
ZG-6393	7	na
ZG-6462	7	na
ZG-6463	7	na
ZG-6464	7	na
ZG-6465	7	na
ZG-6466	7	na
ZG-6467	7	na
ZG-6468	7	na
ZG-6469	7	na
ZG-6471	7	na
ZG-6472	7	na
ZG-6473	7	na
ZG-6474	7	na
ZG-6476	7	na
ZG-6479	7	na
ZG-6480	7	na
ZG-6481	7	na
ZG-6482	7	na
ZG-6484	7	na
ZG-6485	7	na
ZG-6486	7	na
ZG-6487	7	na
ZG-6489	7	na
ZG-6490	7	na
ZG-6691	7	na
ZG-6721	7	na
ZG-6722	7	na
ZG-6723	7	na
ZG-6724	7	na
ZG-6725	7	na
ZG-6731	7	na
ZG-6732	7	na
ZG-6733	7	na
ZG-6734	7	na
ZG-6735	7	na
ZG-6753	7	na
ZG-6754	7	na
ZG-6755	7	na
ZG-6762	7	na
ZG-6767	7	na
ZG-6778	7	na
ZG-6782	7	na
ZG-6787	7	na
ZG-6788	7	na
ZG-6789	7	na
ZG-6790	7	na
ZG-6791	7	na
ZG-6792	7	na
ZG-6793	7	na
ZG-6794	7	na
ZG-6797	7	na
ZG-6800	7	na
ZG-6968	7	na
ZG-6969	7	na
ZG-6970	7	na
ZG-6971	7	na
ZG-7057	7	na
ZG-7063	7	na
ZG-7067	7	na
ZG-7068	7	na
ZG-7069	7	na
ZG-7072	7	na
ZG-7073	7	na
ZG-7075	7	na
ZG-7081	7	na
ZG-7082	7	na
ZG-7083	7	na
ZG-7084	7	na
ZG-7087	7	na
ZG-7088	7	na
ZG-7097	7	na
ZG-7099	7	na
ZG-7100	7	na
ZG-7122	7	na
ZG-2707	8	na
ZG-2721	8	na
ZG-2758	8	na
ZG-2760	8	na
ZG-2910	8	na
ZG-2915	8	na
ZG-2916	8	na
ZG-2917	8	na
ZG-2918	8	na
ZG-2919	8	na
ZG-2920	8	na
ZG-2921	8	na
ZG-2922	8	na
ZG-2923	8	na
ZG-2925	8	na
ZG-2926	8	na
ZG-2927	8	na
ZG-2928	8	na
ZG-2929	8	na
ZG-2930	8	na
ZG-2931	8	na
ZG-2943	8	na
ZG-2945	8	na
ZG-2955	8	na
ZG-2956	8	na
ZG-2958	8	na
ZG-2959	8	na
ZG-2960	8	na
ZG-2961	8	na
ZG-2962	8	na
ZG-2963	8	na
ZG-2964	8	na
ZG-2965	8	na
ZG-2967	8	na
ZG-2968	8	na
ZG-2969	8	na
ZG-2970	8	na
ZG-2971	8	na
ZG-2973	8	na
ZG-2974	8	na
ZG-2975	8	na
ZG-2977	8	na
ZG-2978	8	na
ZG-2979	8	na
ZG-2981	8	na
ZG-2982	8	na
ZG-2983	8	na
ZG-3265	8	na
ZG-3266	8	na
ZG-3273	8	na
ZG-3277	8	na
ZG-3521	8	na
ZG-3522	8	na
ZG-3523	8	na
ZG-3524	8	na
ZG-3525	8	na
ZG-3526	8	na
ZG-3527	8	na
ZG-3528	8	na
ZG-3529	8	na
ZG-3530	8	na
ZG-3531	8	na
ZG-3532	8	na
ZG-3533	8	na
ZG-3534	8	na
ZG-3535	8	na
ZG-3536	8	na
ZG-3537	8	na
ZG-3538	8	na
ZG-3539	8	na
ZG-3540	8	na
ZG-3541	8	na
ZG-3542	8	na
ZG-3543	8	na
ZG-3544	8	na
ZG-3545	8	na
ZG-3546	8	na
ZG-3547	8	na
ZG-3548	8	na
ZG-3549	8	na
ZG-3550	8	na
ZG-3551	8	na
ZG-3552	8	na
ZG-3553	8	na
ZG-3554	8	na
ZG-3555	8	na
ZG-3556	8	na
ZG-3557	8	na
ZG-3558	8	na
ZG-3559	8	na
ZG-3560	8	na
ZG-3561	8	na
ZG-3562	8	na
ZG-3563	8	na
ZG-3564	8	na
ZG-3565	8	na
ZG-3566	8	na
ZG-3567	8	na
ZG-3568	8	na
ZG-3569	8	na
ZG-3570	8	na
ZG-3571	8	na
ZG-3572	8	na
ZG-3573	8	na
ZG-3574	8	na
ZG-3575	8	na
ZG-3576	8	na
ZG-3577	8	na
ZG-3990	8	na
ZG-4050	8	na
ZG-4056	8	na
ZG-4093	8	na
ZG-4094	8	na
ZG-4446	8	na
ZG-4455	8	na
ZG-4483	8	na
ZG-4485	8	na
ZG-4487	8	na
ZG-4529	8	na
ZG-4545	8	na
ZG-4792	8	na
ZG-4823	8	na
ZG-5000	8	na
ZG-5057	8	na
ZG-5062	8	na
ZG-5064	8	na
ZG-5073	8	na
ZG-5074	8	na
ZG-5075	8	na
ZG-5076	8	na
ZG-5077	8	na
ZG-5078	8	na
ZG-5080	8	na
ZG-5235	8	na
ZG-5236	8	na
ZG-5361	8	na
ZG-5409	8	na
ZG-5445	8	na
ZG-5544	8	na
ZG-5545	8	na
ZG-5546	8	na
ZG-5547	8	na
ZG-5873	8	na
ZG-5881	8	na
ZG-5883	8	na
ZG-5884	8	na
ZG-5885	8	na
ZG-5886	8	na
ZG-5888	8	na
ZG-5896	8	na
ZG-5897	8	na
ZG-5898	8	na
ZG-5899	8	na
ZG-5902	8	na
ZG-5906	8	na
ZG-5907	8	na
ZG-5924	8	na
ZG-6278	8	na
ZG-6281	8	na
ZG-6296	8	na
ZG-6305	8	na
ZG-6307	8	na
ZG-6308	8	na
ZG-6317	8	na
ZG-6320	8	na
ZG-6322	8	na
ZG-6326	8	na
ZG-6333	8	na
ZG-6338	8	na
ZG-6475	8	na
ZG-6478	8	na
ZG-7024	8	na
ZG-7028	8	na
ZG-7115	8	na
ZG-7116	8	na
ZG-2697	9	na
ZG-2984	9	na
ZG-2985	9	na
ZG-2992	9	na
ZG-2993	9	na
ZG-2994	9	na
ZG-2995	9	na
ZG-2996	9	na
ZG-2997	9	na
ZG-2998	9	na
ZG-2999	9	na
ZG-3000	9	na
ZG-3002	9	na
ZG-3003	9	na
ZG-3004	9	na
ZG-3006	9	na
ZG-3009	9	na
ZG-3011	9	na
ZG-3012	9	na
ZG-3016	9	na
ZG-3017	9	na
ZG-3018	9	na
ZG-3019	9	na
ZG-3020	9	na
ZG-3021	9	na
ZG-3022	9	na
ZG-3023	9	na
ZG-3024	9	na
ZG-3039	9	na
ZG-3040	9	na
ZG-3041	9	na
ZG-3042	9	na
ZG-3043	9	na
ZG-3044	9	na
ZG-3046	9	na
ZG-3047	9	na
ZG-3048	9	na
ZG-3064	9	na
ZG-3066	9	na
ZG-3067	9	na
ZG-3068	9	na
ZG-3069	9	na
ZG-3071	9	na
ZG-3073	9	na
ZG-3074	9	na
ZG-3075	9	na
ZG-3268	9	na
ZG-3269	9	na
ZG-3579	9	na
ZG-3580	9	na
ZG-3581	9	na
ZG-3582	9	na
ZG-3583	9	na
ZG-3584	9	na
ZG-3585	9	na
ZG-3586	9	na
ZG-3587	9	na
ZG-3588	9	na
ZG-3589	9	na
ZG-3590	9	na
ZG-3591	9	na
ZG-3592	9	na
ZG-3593	9	na
ZG-3594	9	na
ZG-3595	9	na
ZG-3596	9	na
ZG-3597	9	na
ZG-3598	9	na
ZG-3599	9	na
ZG-3600	9	na
ZG-3601	9	na
ZG-3602	9	na
ZG-3603	9	na
ZG-3604	9	na
ZG-3605	9	na
ZG-3606	9	na
ZG-3607	9	na
ZG-3608	9	na
ZG-3609	9	na
ZG-3610	9	na
ZG-3611	9	na
ZG-3612	9	na
ZG-3613	9	na
ZG-3614	9	na
ZG-3615	9	na
ZG-3616	9	na
ZG-3617	9	na
ZG-3618	9	na
ZG-3619	9	na
ZG-3620	9	na
ZG-3621	9	na
ZG-3622	9	na
ZG-3623	9	na
ZG-3624	9	na
ZG-3625	9	na
ZG-3626	9	na
ZG-3627	9	na
ZG-3628	9	na
ZG-3629	9	na
ZG-3630	9	na
ZG-3631	9	na
ZG-3632	9	na
ZG-3633	9	na
ZG-3731	9	na
ZG-3908	9	na
ZG-3914	9	na
ZG-3968	9	na
ZG-4110	9	na
ZG-4551	9	na
ZG-4560	9	na
ZG-4563	9	na
ZG-4564	9	na
ZG-4567	9	na
ZG-4570	9	na
ZG-4794	9	na
ZG-5001	9	na
ZG-5081	9	na
ZG-5082	9	na
ZG-5083	9	na
ZG-5084	9	na
ZG-5085	9	na
ZG-5086	9	na
ZG-5088	9	na
ZG-5089	9	na
ZG-5090	9	na
ZG-5139	9	na
ZG-5231	9	na
ZG-5537	9	na
ZG-5927	9	na
ZG-5928	9	na
ZG-5930	9	na
ZG-5931	9	na
ZG-5933	9	na
ZG-5936	9	na
ZG-5937	9	na
ZG-5938	9	na
ZG-5939	9	na
ZG-5940	9	na
ZG-5941	9	na
ZG-5942	9	na
ZG-5943	9	na
ZG-5944	9	na
ZG-5945	9	na
ZG-5946	9	na
ZG-5947	9	na
ZG-5948	9	na
ZG-5950	9	na
ZG-5951	9	na
ZG-5952	9	na
ZG-5954	9	na
ZG-5955	9	na
ZG-5956	9	na
ZG-6339	9	na
ZG-6340	9	na
ZG-6344	9	na
ZG-6357	9	na
ZG-6366	9	na
ZG-6388	9	na
ZG-6389	9	na
ZG-6458	9	na
ZG-6459	9	na
ZG-6460	9	na
ZG-6461	9	na
ZG-6592	9	na
ZG-6593	9	na
ZG-7096	9	na
ZG-2914	NA	na
ZG-5117	NA	na
ZG-7003	NA	na
ZG-7108	NA	na
ZG-3977	Un	na
ZG-3995	Un	na
ZG-4007	Un	na
ZG-4009	Un	na
ZG-4010	Un	na
ZG-4016	Un	na
ZG-4020	Un	na
ZG-4022	Un	na
ZG-4025	Un	na
ZG-4028	Un	na
ZG-4029	Un	na
ZG-4035	Un	na
ZG-4036	Un	na
ZG-4038	Un	na
ZG-4047	Un	na
ZG-4048	Un	na
ZG-4049	Un	na
ZG-4053	Un	na
ZG-4057	Un	na
ZG-4062	Un	na
ZG-4073	Un	na
ZG-4080	Un	na
ZG-4082	Un	na
ZG-4090	Un	na
ZG-4095	Un	na
ZG-6086	Un	na
ZG-6087	Un	na
ZG-7056	Un	na
